method,url_template,classification,verification,query_keys,parameter_expression,source,line,column
GET,/acct/bu.do?m=add,excluded_action_or_ambiguous,not_probed,m,t,https://static.kdzwy.com/saas/vip1/accounting/static_production_20260915152836/js/main.606e9379.chunk.js,1,302726
POST,/acct/bu.do?m=add,excluded_action_or_ambiguous,not_probed,m,n,https://static.kdzwy.com/saas/vip1/accounting/static_production_20260915152836/js/main.606e9379.chunk.js,1,313816
POST,/acct/role.do?m=addRoleRightRe,excluded_action_or_ambiguous,not_probed,m,e,https://static.kdzwy.com/saas/vip1/accounting/static_production_20260915152836/js/7.c15730a1.chunk.js,1,68425
GET,/acct/role.do?m=addShareUserRe,excluded_action_or_ambiguous,not_probed,m,n,https://static.kdzwy.com/saas/vip1/accounting/static_production_20260915152836/js/7.c15730a1.chunk.js,1,50237
POST,/auth/refresh,excluded_action_or_ambiguous,not_probed,,{refresh_token:a},https://static.kdzwy.com/saas/vip1/accounting/static_production_20260915152836/js/main.606e9379.chunk.js,1,70814
POST,/basedata/initParams?m=updateCommonFunctions,excluded_action_or_ambiguous,not_probed,m,e,https://static.kdzwy.com/saas/vip1/accounting/static_production_20260915152836/js/main.606e9379.chunk.js,1,304824
POST,/basedata/initParams?m=updateUserSetting,excluded_action_or_ambiguous,not_probed,m,e,https://static.kdzwy.com/saas/vip1/accounting/static_production_20260915152836/js/main.606e9379.chunk.js,1,79231
UNKNOWN,/basedata/initParams?m=updateUserSetting,excluded_action_or_ambiguous,not_probed,m,{cashflowSimpleExchange:parent.SYSTEM.cashflowSimpleExchange},https://vip4-kj.kdzwy.com/js/dist/cashFlowSheet.js?ver=202609151511,1,13387
POST,/bs/assist.do?m=delete&type=voucherTempType,excluded_action_or_ambiguous,not_probed,"m,type",e,https://static.kdzwy.com/saas/vip1/accounting/static_production_20260915152836/js/main.606e9379.chunk.js,1,263210
POST,/bs/assist.do?m=save,excluded_action_or_ambiguous,not_probed,m,e,https://static.kdzwy.com/saas/vip1/accounting/static_production_20260915152836/js/main.606e9379.chunk.js,1,263078
POST,/bs/assist.do?m=setUserSetting,excluded_action_or_ambiguous,not_probed,m,e,https://static.kdzwy.com/saas/vip1/accounting/static_production_20260915152836/js/main.606e9379.chunk.js,1,78669
POST,/bs/assist.do?m=update,excluded_action_or_ambiguous,not_probed,m,e,https://static.kdzwy.com/saas/vip1/accounting/static_production_20260915152836/js/main.606e9379.chunk.js,1,263143
POST,/bs/currency?m=delete&id={b},excluded_action_or_ambiguous,not_probed,"id,m",,https://vip4-kj.kdzwy.com/js/dist/currency.js?ver=202609151511,1,4947
POST,/bs/item?m=delete,excluded_action_or_ambiguous,not_probed,m,"{id:b.join(),itemClassId:p}",https://vip4-kj.kdzwy.com/js/dist/assisting-category.js?ver=202609151511,1,11390
POST,/bs/item?m=save&confirmed={a?1:0},excluded_action_or_ambiguous,not_probed,"confirmed,m",i,https://vip4-kj.kdzwy.com/js/dist/voucher.js?ver=202609151511,2,6686
POST,/bs/itemClass?m=delete&id={b},excluded_action_or_ambiguous,not_probed,"id,m",,https://vip4-kj.kdzwy.com/js/dist/settingAccounting.js?ver=202609151511,1,3073
POST,/bs/systemprofile?m=updateMenuGuideSystemProfile,excluded_action_or_ambiguous,not_probed,m,e,https://vip4-kj.kdzwy.com/home/static/js/app.0833bc2f.js,1,1226720
POST,/bs/systemprofile?m=updateSystemParam,excluded_action_or_ambiguous,not_probed,m,b,https://vip4-kj.kdzwy.com/js/dist/parameter.js?ver=202609151511,1,9432
POST,/bs/systemprofile?m=updateSystemParam3,excluded_action_or_ambiguous,not_probed,m,e,https://static.kdzwy.com/saas/vip1/accounting/static_production_20260915152836/js/main.606e9379.chunk.js,1,78834
POST,/bs/voucherTemp?m=addNew,excluded_action_or_ambiguous,not_probed,m,b,https://vip4-kj.kdzwy.com/js/dist/voucher.js?ver=202609151511,1,12416
POST,/bs/voucherTemp?m=deleteById,excluded_action_or_ambiguous,not_probed,m,e,https://static.kdzwy.com/saas/vip1/accounting/static_production_20260915152836/js/main.606e9379.chunk.js,1,262914
POST,/bs/voucherTemp?m=updateVchTemp,excluded_action_or_ambiguous,not_probed,m,"{saveMoney:b.saveMoney,saveProject:b.saveProject,vchTempDate:JSON.stringify(b)}",https://vip4-kj.kdzwy.com/js/dist/voucher.js?ver=202609151511,1,11896
UNKNOWN,/gl/account?m=addNew,excluded_action_or_ambiguous,not_probed,m,,https://vip4-kj.kdzwy.com/js/dist/subject.js?ver=202609151511,1,15668
POST,/gl/account?m=deleteById,excluded_action_or_ambiguous,not_probed,m,{accountId:a},https://vip4-kj.kdzwy.com/js/dist/subjectList.js?ver=202609151511,1,6067
POST,/gl/account?m=deleteByIds,excluded_action_or_ambiguous,not_probed,m,"{accountIds:""[""+a.join("","")+""]""}",https://vip4-kj.kdzwy.com/js/dist/subjectList.js?ver=202609151511,1,6950
POST,"/gl/account?m={""add""==oper?""addNew"":""update""}{a?""&addConfirm=1"":""""}",excluded_action_or_ambiguous,not_probed,"addConfirm,m",{subjectData:JSON.stringify(b)},https://vip4-kj.kdzwy.com/js/dist/subject.js?ver=202609151511,1,15456
POST,/gl/balance/query?m=addInitBalance&classId={subjectType}&currency={currency},excluded_action_or_ambiguous,not_probed,"classId,currency,m",{jsondata:JSON.stringify(c)},https://vip4-kj.kdzwy.com/js/dist/initialBalance.js?ver=202609151511,1,19200
POST,/gl/balance/query?m=deleteInitItemBal,excluded_action_or_ambiguous,not_probed,m,d,https://vip4-kj.kdzwy.com/js/dist/initialBalance.js?ver=202609151511,1,15035
POST,/gl/generatecode?m=delete&id={b},excluded_action_or_ambiguous,not_probed,"id,m",,https://vip4-kj.kdzwy.com/js/dist/voucherWord.js?ver=202609151511,1,4884
GET,/gl/generatecode?m=findAll,excluded_action_or_ambiguous,verified_business_success,m,e,https://static.kdzwy.com/saas/vip1/accounting/static_production_20260915152836/js/main.606e9379.chunk.js,1,603911
UNKNOWN,/gl/generatecode?m=findByType,excluded_action_or_ambiguous,not_probed,m,,https://vip4-kj.kdzwy.com/js/dist/voucherWord.js?ver=202609151511,1,70
POST,/gl/generatecode?m=moveUpOrDown,excluded_action_or_ambiguous,not_probed,m,{ids:e.join()},https://vip4-kj.kdzwy.com/js/dist/voucherWord.js?ver=202609151511,1,5401
POST,"/gl/generatecode?m={""add""==a?""insert"":""update""}",excluded_action_or_ambiguous,not_probed,m,f,https://vip4-kj.kdzwy.com/js/dist/voucherWord.js?ver=202609151511,1,3538
POST,/gl/remark?m=add,excluded_action_or_ambiguous,not_probed,m,e,https://static.kdzwy.com/saas/vip1/accounting/static_production_20260915152836/js/main.606e9379.chunk.js,1,264156
POST,/gl/remark?m=delete,excluded_action_or_ambiguous,not_probed,m,e,https://static.kdzwy.com/saas/vip1/accounting/static_production_20260915152836/js/main.606e9379.chunk.js,1,264217
POST,/gl/remark?m=update,excluded_action_or_ambiguous,not_probed,m,e,https://static.kdzwy.com/saas/vip1/accounting/static_production_20260915152836/js/main.606e9379.chunk.js,1,264281
POST,/gl/voucher?m=addNew,excluded_action_or_ambiguous,not_probed,m,{vchData:JSON.stringify(e.vch)},https://static.kdzwy.com/saas/vip1/accounting/static_production_20260915152836/js/main.606e9379.chunk.js,1,262490
POST,/gl/voucher?m=auditBatchVoucher,excluded_action_or_ambiguous,not_probed,m,"{ischecked:!1,voucherid:PAGE.vchID,no:vchWordCombo.getText()+""-""+$(""#vch_num"").val()}",https://vip4-kj.kdzwy.com/js/dist/voucherInit.js,1,30389
POST,/gl/voucher?m=delete,excluded_action_or_ambiguous,not_probed,m,{id:c},https://vip4-kj.kdzwy.com/js/dist/reimbursements.js,1,3534
POST,/gl/voucher?m=deleteById,excluded_action_or_ambiguous,not_probed,m,"{del:PAGE.vchID,no:vchWordCombo.getText()+""-""+$(""#vch_num"").val()}",https://vip4-kj.kdzwy.com/js/dist/voucherInit.js,1,23551
POST,/gl/voucher?m=update,excluded_action_or_ambiguous,not_probed,m,{vchData:JSON.stringify(e.vch)},https://static.kdzwy.com/saas/vip1/accounting/static_production_20260915152836/js/main.606e9379.chunk.js,1,262395
POST,/initParam/guideParam/update,excluded_action_or_ambiguous,not_probed,,e,https://vip4-kj.kdzwy.com/home/static/js/app.0833bc2f.js,1,1227630
POST,/jdy-fi-bd/{dbId}/v1/account/adjust/sub-acct-to-aux-acct,excluded_action_or_ambiguous,not_probed,,t,https://static.kdzwy.com/saas/vip1/accounting/static_production_20260915152836/js/16.26fc42d7.chunk.js,1,1630
POST,/jdy-fi-migrate/{dbId}/v1/audit/export,excluded_action_or_ambiguous,not_probed,,e,https://static.kdzwy.com/saas/vip1/accounting/static_production_20260915152836/js/116.2a4ad2c6.chunk.js,1,2691
POST,/jdy-fi-migrate/{dbId}/v1/audit/export/result?jobId={e},excluded_action_or_ambiguous,not_probed,jobId,,https://static.kdzwy.com/saas/vip1/accounting/static_production_20260915152836/js/116.2a4ad2c6.chunk.js,1,3147
POST,/jdy-fi-rpt/{dbId}/botp/v1/voucher-generation/generate,excluded_action_or_ambiguous,not_probed,,f,https://static.kdzwy.com/saas/vip1/accounting/static_production_20260915152836/js/30.fd554321.chunk.js,1,59770
POST,/jdy-fi-rpt/{dbId}/bx/v1/bill/sync,excluded_action_or_ambiguous,not_probed,,a,https://static.kdzwy.com/saas/vip1/accounting/static_production_20260915152836/js/30.fd554321.chunk.js,1,26206
POST,/jdy-fi-rpt/{dbId}/scm/v1/bill/sync,excluded_action_or_ambiguous,not_probed,,a,https://static.kdzwy.com/saas/vip1/accounting/static_production_20260915152836/js/30.fd554321.chunk.js,1,26754
POST,/jdy-fi-rpt/{dbId}/user/v1/acct-attachment/add,excluded_action_or_ambiguous,not_probed,,e,https://static.kdzwy.com/saas/vip1/accounting/static_production_20260915152836/js/main.606e9379.chunk.js,1,599346
DELETE,/jdy-fi-rpt/{dbId}/user/v1/acct-attachment/delete,excluded_action_or_ambiguous,not_probed,,e,https://static.kdzwy.com/saas/vip1/accounting/static_production_20260915152836/js/main.606e9379.chunk.js,1,599249
GET,/jdy-fi-rpt/{dbId}/user/v1/acct-attachment/update,excluded_action_or_ambiguous,not_probed,,e,https://static.kdzwy.com/saas/vip1/accounting/static_production_20260915152836/js/main.606e9379.chunk.js,1,599155
POST,/jdy-fi-rpt/{dbId}/v1/account/import,excluded_action_or_ambiguous,not_probed,,t,https://static.kdzwy.com/saas/vip1/accounting/static_production_20260915152836/js/71.57953869.chunk.js,1,26988
POST,/jdy-fi-rpt/{dbId}/v1/att/attachment/generateReceiver,excluded_action_or_ambiguous,not_probed,,e,https://static.kdzwy.com/saas/vip1/accounting/static_production_20260915152836/js/main.606e9379.chunk.js,1,1193719
POST,/jdy-fi-rpt/{dbId}/v1/att/attachment/upload,excluded_action_or_ambiguous,not_probed,,e,https://vip4-kj.kdzwy.com/home/static/js/app.0833bc2f.js,1,1195881
POST,/jdy-fi-rpt/{dbId}/v1/bank-statement/import,excluded_action_or_ambiguous,not_probed,,e,https://vip4-kj.kdzwy.com/home/static/js/app.0833bc2f.js,1,1195330
POST,/jdy-fi-rpt/{dbId}/v1/bank-statement/import-check,excluded_action_or_ambiguous,not_probed,,e,https://vip4-kj.kdzwy.com/home/static/js/app.0833bc2f.js,1,1195223
POST,/jdy-fi-rpt/{dbId}/v1/cash-flow/submitUpgradeJob,excluded_action_or_ambiguous,not_probed,,e,https://static.kdzwy.com/saas/vip1/accounting/static_production_20260915152836/js/main.606e9379.chunk.js,1,827255
POST,/jdy-fi-rpt/{dbId}/v1/common/report/copy,excluded_action_or_ambiguous,not_probed,,r,https://static.kdzwy.com/saas/vip1/accounting/static_production_20260915152836/js/44.f0353c7e.chunk.js,1,52774
POST,/jdy-fi-rpt/{dbId}/v1/fa/card/import-check,excluded_action_or_ambiguous,not_probed,,o,https://vip4-kj.kdzwy.com/home/static/js/chunk-02224858.4517b705.js,1,17896
POST,/jdy-fi-rpt/{dbId}/v1/gl/finance-analyse/generate-pdf,excluded_action_or_ambiguous,not_probed,,t,https://static.kdzwy.com/saas/vip1/accounting/static_production_20260915152836/js/29.262e5625.chunk.js,1,124190
POST,/jdy-fi-rpt/{dbId}/v1/gl/finance-analyse/generate-url,excluded_action_or_ambiguous,not_probed,,t,https://static.kdzwy.com/saas/vip1/accounting/static_production_20260915152836/js/29.262e5625.chunk.js,1,126727
POST,/jdy-fi-rpt/{dbId}/v1/gl/finance-analyse/upload,excluded_action_or_ambiguous,not_probed,,n,https://static.kdzwy.com/saas/vip1/accounting/static_production_20260915152836/js/29.262e5625.chunk.js,1,39011
POST,/jdy-fi-rpt/{dbId}/v1/invoice/upload,excluded_action_or_ambiguous,not_probed,,a,https://static.kdzwy.com/saas/vip1/accounting/static_production_20260915152836/js/main.606e9379.chunk.js,1,2495285
POST,/jdy-fi-rpt/{dbId}/v1/item/scm/balance/sync,excluded_action_or_ambiguous,not_probed,,e,https://static.kdzwy.com/saas/vip1/accounting/static_production_20260915152836/js/22.31ba7e7e.chunk.js,1,16095
POST,/jdy-fi-rpt/{dbId}/v1/item/scm/information/sync,excluded_action_or_ambiguous,not_probed,,e,https://static.kdzwy.com/saas/vip1/accounting/static_production_20260915152836/js/28.ddec54f9.chunk.js,1,2993
POST,/jdy-fi-rpt/{dbId}/v1/journal/bank-import/assign-account-import,excluded_action_or_ambiguous,not_probed,,e,https://static.kdzwy.com/saas/vip1/accounting/static_production_20260915152836/js/main.606e9379.chunk.js,1,84417
POST,/jdy-fi-rpt/{dbId}/v1/journal/bank-import/config-import-excel,excluded_action_or_ambiguous,not_probed,,e,https://static.kdzwy.com/saas/vip1/accounting/static_production_20260915152836/js/main.606e9379.chunk.js,1,84309
POST,/jdy-fi-rpt/{dbId}/v1/journal/bank-import/continue-import,excluded_action_or_ambiguous,not_probed,,e,https://static.kdzwy.com/saas/vip1/accounting/static_production_20260915152836/js/main.606e9379.chunk.js,1,84527
POST,/jdy-fi-rpt/{dbId}/v1/journal/bank-import/ignore-record,excluded_action_or_ambiguous,not_probed,,e,https://static.kdzwy.com/saas/vip1/accounting/static_production_20260915152836/js/main.606e9379.chunk.js,1,84207
GET,/jdy-fi-rpt/{dbId}/v1/journal/bank-import/record-list,excluded_action_or_ambiguous,not_probed,,e,https://static.kdzwy.com/saas/vip1/accounting/static_production_20260915152836/js/main.606e9379.chunk.js,1,84108
POST,/jdy-fi-rpt/{dbId}/v1/journal/import,excluded_action_or_ambiguous,not_probed,,e,https://vip4-kj.kdzwy.com/home/static/js/app.0833bc2f.js,1,1194945
POST,/jdy-fi-rpt/{dbId}/v1/journal/import-check,excluded_action_or_ambiguous,not_probed,,e,https://vip4-kj.kdzwy.com/home/static/js/app.0833bc2f.js,1,1194845
POST,/jdy-fi-rpt/{dbId}/v1/journal/importBankBill,excluded_action_or_ambiguous,not_probed,,e,https://vip4-kj.kdzwy.com/home/static/js/app.0833bc2f.js,1,1197448
POST,/jdy-fi-rpt/{dbId}/v1/journal/importExcelBankBill,excluded_action_or_ambiguous,not_probed,,e,https://vip4-kj.kdzwy.com/home/static/js/app.0833bc2f.js,1,1199961
POST,/jdy-fi-rpt/{dbId}/v1/journal/uploadReceipt,excluded_action_or_ambiguous,not_probed,,e,https://vip4-kj.kdzwy.com/home/static/js/app.0833bc2f.js,1,1197546
POST,/jdy-fi-rpt/{dbId}/v1/journal/uploadReceiptBatch,excluded_action_or_ambiguous,not_probed,,e,https://vip4-kj.kdzwy.com/home/static/js/app.0833bc2f.js,1,1197643
GET,/jdy-fi-rpt/{dbId}/v1/pay/importRecordList,excluded_action_or_ambiguous,not_probed,,e,https://static.kdzwy.com/saas/vip1/accounting/static_production_20260915152836/js/main.606e9379.chunk.js,1,951678
POST,/jdy-fi-rpt/{dbId}/v1/report/recalculate,excluded_action_or_ambiguous,not_probed,,e,https://static.kdzwy.com/saas/vip1/accounting/static_production_20260915152836/js/main.606e9379.chunk.js,1,83944
POST,/jdy-fi-rpt/{dbId}/v1/tax-report/copy,excluded_action_or_ambiguous,not_probed,,n,https://static.kdzwy.com/saas/vip1/accounting/static_production_20260915152836/js/43.c48ed256.chunk.js,1,76645
POST,/jdy-fi-rpt/{dbId}/v1/voucher/query-import-result,excluded_action_or_ambiguous,not_probed,,e,https://static.kdzwy.com/saas/vip1/accounting/static_production_20260915152836/js/27.e640e1d4.chunk.js,1,16100
POST,/jdy-fi-tp/{dbId}/ca/v1/uk/{e.bankName}/add-record,excluded_action_or_ambiguous,not_probed,,e,https://vip4-kj.kdzwy.com/home/static/js/app.0833bc2f.js,1,1198032
GET,/jdy-fi-tp/{dbId}/ca/v1/uk/{e.bankName}/addAcctName,excluded_action_or_ambiguous,not_probed,,,https://vip4-kj.kdzwy.com/home/static/js/app.0833bc2f.js,1,1198382
POST,/jdy-fi-tp/{dbId}/gl/v1/finance-analyse/recalculate/result?{Object(Y.z)(e)},excluded_action_or_ambiguous,not_probed,,e,https://static.kdzwy.com/saas/vip1/accounting/static_production_20260915152836/js/29.262e5625.chunk.js,1,24315
POST,/jdy-fi-tp/{dbId}/gl/v1/finance-analyse/recalculate/save?period={e.period}&periodType={e.periodType},excluded_action_or_ambiguous,not_probed,"period,periodType",e.data,https://static.kdzwy.com/saas/vip1/accounting/static_production_20260915152836/js/29.262e5625.chunk.js,1,24625
POST,/jdy-fi-tp/{dbId}/gl/v1/finance-analyse/recalculate?{Object(Y.z)(e)},excluded_action_or_ambiguous,not_probed,,t,https://static.kdzwy.com/saas/vip1/accounting/static_production_20260915152836/js/29.262e5625.chunk.js,1,24194
POST,/jdy-fi-tp/{dbId}/gl/v1/goods-rule/create-item-account,excluded_action_or_ambiguous,not_probed,,e,https://static.kdzwy.com/saas/vip1/accounting/static_production_20260915152836/js/3.e78dde9a.chunk.js,1,7217
POST,/jdy-fi-tp/{dbId}/gl/v1/period-end/close,excluded_action_or_ambiguous,not_probed,,e,https://static.kdzwy.com/saas/vip1/accounting/static_production_20260915152836/js/3.e78dde9a.chunk.js,1,4295
POST,/jdy-fi-tp/{dbId}/vat/v1/invoice/goodsrule/create,excluded_action_or_ambiguous,not_probed,,e,https://static.kdzwy.com/saas/vip1/accounting/static_production_20260915152836/js/main.606e9379.chunk.js,1,348897
POST,/jdy-fi/{dbId}/att/v1/file/batch-audit,excluded_action_or_ambiguous,not_probed,,e,https://static.kdzwy.com/saas/vip1/accounting/static_production_20260915152836/js/main.606e9379.chunk.js,1,1192568
PUT,/jdy-fi/{dbId}/att/v1/file/batch-update,excluded_action_or_ambiguous,not_probed,,e,https://static.kdzwy.com/saas/vip1/accounting/static_production_20260915152836/js/main.606e9379.chunk.js,1,1191498
POST,/jdy-fi/{dbId}/att/v1/file/bind-vch,excluded_action_or_ambiguous,not_probed,,e,https://static.kdzwy.com/saas/vip1/accounting/static_production_20260915152836/js/main.606e9379.chunk.js,1,615412
POST,/jdy-fi/{dbId}/att/v1/file/bind-vch-and-inv,excluded_action_or_ambiguous,not_probed,,e,https://static.kdzwy.com/saas/vip1/accounting/static_production_20260915152836/js/main.606e9379.chunk.js,1,615493
POST,/jdy-fi/{dbId}/att/v1/gen-voucher,excluded_action_or_ambiguous,not_probed,,e,https://static.kdzwy.com/saas/vip1/accounting/static_production_20260915152836/js/main.606e9379.chunk.js,1,1193071
PUT,/jdy-fi/{dbId}/botp/v1/voucher-rule/{a.id}/set-default,excluded_action_or_ambiguous,not_probed,,a,https://static.kdzwy.com/saas/vip1/accounting/static_production_20260915152836/js/48.ba6c71e4.chunk.js,1,33216
POST,/jdy-fi/{dbId}/bs/user/v1/acct-employee-update,excluded_action_or_ambiguous,not_probed,,e,https://static.kdzwy.com/saas/vip1/accounting/static_production_20260915152836/js/main.606e9379.chunk.js,1,561141
PUT,/jdy-fi/{dbId}/bs/v1/account/async/set-item,excluded_action_or_ambiguous,not_probed,,t,https://static.kdzwy.com/saas/vip1/accounting/static_production_20260915152836/js/16.26fc42d7.chunk.js,1,1190
POST,/jdy-fi/{dbId}/bs/v1/account/cashflow/copy,excluded_action_or_ambiguous,not_probed,,n,https://static.kdzwy.com/saas/vip1/accounting/static_production_20260915152836/js/81.20cf12f7.chunk.js,1,26698
GET,/jdy-fi/{dbId}/bs/v1/account/cashflow/reset,excluded_action_or_ambiguous,not_probed,,t,https://static.kdzwy.com/saas/vip1/accounting/static_production_20260915152836/js/81.20cf12f7.chunk.js,1,28357
GET,/jdy-fi/{dbId}/bs/v1/account/cashflow/sync,excluded_action_or_ambiguous,not_probed,,t,https://static.kdzwy.com/saas/vip1/accounting/static_production_20260915152836/js/81.20cf12f7.chunk.js,1,24236
POST,/jdy-fi/{dbId}/bs/v1/account/cashflow/update,excluded_action_or_ambiguous,not_probed,,a,https://static.kdzwy.com/saas/vip1/accounting/static_production_20260915152836/js/81.20cf12f7.chunk.js,1,21406
PUT,/jdy-fi/{dbId}/bs/v1/account/disable,excluded_action_or_ambiguous,not_probed,,t,https://static.kdzwy.com/saas/vip1/accounting/static_production_20260915152836/js/16.26fc42d7.chunk.js,1,951
PUT,/jdy-fi/{dbId}/bs/v1/account/enable,excluded_action_or_ambiguous,not_probed,,t,https://static.kdzwy.com/saas/vip1/accounting/static_production_20260915152836/js/16.26fc42d7.chunk.js,1,871
PUT,/jdy-fi/{dbId}/bs/v1/account/set-item,excluded_action_or_ambiguous,not_probed,,t,https://static.kdzwy.com/saas/vip1/accounting/static_production_20260915152836/js/16.26fc42d7.chunk.js,1,1108
POST,/jdy-fi/{dbId}/bs/v1/dept-update,excluded_action_or_ambiguous,not_probed,,e,https://static.kdzwy.com/saas/vip1/accounting/static_production_20260915152836/js/main.606e9379.chunk.js,1,946513
POST,/jdy-fi/{dbId}/bs/v1/employee-update,excluded_action_or_ambiguous,not_probed,,e,https://static.kdzwy.com/saas/vip1/accounting/static_production_20260915152836/js/main.606e9379.chunk.js,1,947156
POST,/jdy-fi/{dbId}/bs/v1/social-update,excluded_action_or_ambiguous,not_probed,,e,https://static.kdzwy.com/saas/vip1/accounting/static_production_20260915152836/js/main.606e9379.chunk.js,1,947623
GET,/jdy-fi/{dbId}/bx/v1/bill/generate-url/{a.id},excluded_action_or_ambiguous,not_probed,,a,https://static.kdzwy.com/saas/vip1/accounting/static_production_20260915152836/js/106.1026ea6c.chunk.js,1,9258
GET,/jdy-fi/{dbId}/bx/v1/bill/generate-url/{e.id},excluded_action_or_ambiguous,not_probed,,e,https://static.kdzwy.com/saas/vip1/accounting/static_production_20260915152836/js/main.606e9379.chunk.js,1,82013
POST,/jdy-fi/{dbId}/ca/v1/bank-receipt/saveBankReceiptBill,excluded_action_or_ambiguous,not_probed,,e,https://static.kdzwy.com/saas/vip1/accounting/static_production_20260915152836/js/main.606e9379.chunk.js,1,84733
POST,/jdy-fi/{dbId}/ca/v1/bank-receipt/updateSignZWYAIStatus,excluded_action_or_ambiguous,not_probed,,e,https://vip4-kj.kdzwy.com/home/static/js/app.0833bc2f.js,1,1197046
POST,/jdy-fi/{dbId}/ca/v1/bank-statement/auto-match,excluded_action_or_ambiguous,not_probed,,e,https://vip4-kj.kdzwy.com/home/static/js/app.0833bc2f.js,1,1192438
GET,/jdy-fi/{dbId}/ca/v1/bank-statement/balance-adjust,excluded_action_or_ambiguous,not_probed,,e,https://vip4-kj.kdzwy.com/home/static/js/app.0833bc2f.js,1,1193457
POST,/jdy-fi/{dbId}/ca/v1/bank-statement/cancel-match,excluded_action_or_ambiguous,not_probed,,e,https://vip4-kj.kdzwy.com/home/static/js/app.0833bc2f.js,1,1193007
POST,/jdy-fi/{dbId}/ca/v1/business-rule-add,excluded_action_or_ambiguous,not_probed,,e,https://static.kdzwy.com/saas/vip1/accounting/static_production_20260915152836/js/main.606e9379.chunk.js,1,747316
POST,/jdy-fi/{dbId}/ca/v1/cashier-account/bind,excluded_action_or_ambiguous,not_probed,,e,https://vip4-kj.kdzwy.com/home/static/js/app.0833bc2f.js,1,1195697
POST,/jdy-fi/{dbId}/ca/v1/cashier-account/unbind,excluded_action_or_ambiguous,not_probed,,e,https://vip4-kj.kdzwy.com/home/static/js/app.0833bc2f.js,1,1195788
POST,/jdy-fi/{dbId}/ca/v1/cashier-close,excluded_action_or_ambiguous,not_probed,,e,https://vip4-kj.kdzwy.com/home/static/js/app.0833bc2f.js,1,1191245
POST,/jdy-fi/{dbId}/ca/v1/ebx-bind/gen-cashier-voucher,excluded_action_or_ambiguous,not_probed,,n,https://static.kdzwy.com/saas/vip1/accounting/static_production_20260915152836/js/53.ed1fd509.chunk.js,1,15441
GET,/jdy-fi/{dbId}/ca/v1/ebx-bind/service-info,excluded_action_or_ambiguous,not_probed,,{},https://static.kdzwy.com/saas/vip1/accounting/static_production_20260915152836/js/main.606e9379.chunk.js,1,1241426
GET,/jdy-fi/{dbId}/ca/v1/ebx-bind/settigs-info,excluded_action_or_ambiguous,not_probed,,a,https://static.kdzwy.com/saas/vip1/accounting/static_production_20260915152836/js/41.58270431.chunk.js,1,34969
POST,/jdy-fi/{dbId}/ca/v1/ebx-bind/update-offset-account,excluded_action_or_ambiguous,not_probed,,n,https://static.kdzwy.com/saas/vip1/accounting/static_production_20260915152836/js/53.ed1fd509.chunk.js,1,16578
POST,/jdy-fi/{dbId}/ca/v1/journal/batch-gen-voucher,excluded_action_or_ambiguous,not_probed,,e,https://vip4-kj.kdzwy.com/home/static/js/app.0833bc2f.js,1,1190220
POST,/jdy-fi/{dbId}/ca/v1/journal/bind-business-rule,excluded_action_or_ambiguous,not_probed,,e,https://vip4-kj.kdzwy.com/home/static/js/app.0833bc2f.js,1,1198926
POST,/jdy-fi/{dbId}/ca/v1/journal/business/type/add,excluded_action_or_ambiguous,not_probed,,e,https://static.kdzwy.com/saas/vip1/accounting/static_production_20260915152836/js/main.606e9379.chunk.js,1,747762
DELETE,/jdy-fi/{dbId}/ca/v1/journal/business/type/delete,excluded_action_or_ambiguous,not_probed,,e,https://static.kdzwy.com/saas/vip1/accounting/static_production_20260915152836/js/main.606e9379.chunk.js,1,747570
POST,/jdy-fi/{dbId}/ca/v1/journal/business/type/update,excluded_action_or_ambiguous,not_probed,,e,https://static.kdzwy.com/saas/vip1/accounting/static_production_20260915152836/js/main.606e9379.chunk.js,1,747667
POST,/jdy-fi/{dbId}/ca/v1/journal/delete-stage-voucher,excluded_action_or_ambiguous,not_probed,,e,https://vip4-kj.kdzwy.com/home/static/js/app.0833bc2f.js,1,1190033
POST,/jdy-fi/{dbId}/ca/v1/journal/gen-voucher,excluded_action_or_ambiguous,not_probed,,e,https://vip4-kj.kdzwy.com/home/static/js/app.0833bc2f.js,1,1190131
POST,/jdy-fi/{dbId}/ca/v1/journal/import-alipay,excluded_action_or_ambiguous,not_probed,,e,https://vip4-kj.kdzwy.com/home/static/js/app.0833bc2f.js,1,1216756
POST,/jdy-fi/{dbId}/ca/v1/journal/unbind,excluded_action_or_ambiguous,not_probed,,e,https://vip4-kj.kdzwy.com/home/static/js/app.0833bc2f.js,1,1196077
POST,/jdy-fi/{dbId}/ca/v1/journal/unbindSignFile,excluded_action_or_ambiguous,not_probed,,e,https://vip4-kj.kdzwy.com/home/static/js/app.0833bc2f.js,1,1199684
POST,/jdy-fi/{dbId}/ca/v1/yqy/submitBankAccount,excluded_action_or_ambiguous,not_probed,,i,https://vip4-kj.kdzwy.com/home/static/js/chunk-26cc668c.aa7b01ec.js,1,5862
POST,/jdy-fi/{dbId}/ca/v1/yqy/submitCode,excluded_action_or_ambiguous,not_probed,,e,https://vip4-kj.kdzwy.com/home/static/js/app.0833bc2f.js,1,1199876
POST,/jdy-fi/{dbId}/fa/v1/card/copy,excluded_action_or_ambiguous,not_probed,,t,https://static.kdzwy.com/saas/vip1/accounting/static_production_20260915152836/js/12.79f7d856.chunk.js,1,11652
POST,/jdy-fi/{dbId}/fa/v1/card/gen-voucher,excluded_action_or_ambiguous,not_probed,,t,https://static.kdzwy.com/saas/vip1/accounting/static_production_20260915152836/js/12.79f7d856.chunk.js,1,11954
POST,/jdy-fi/{dbId}/fa/v1/depreciation/gen-voucher,excluded_action_or_ambiguous,not_probed,,,https://static.kdzwy.com/saas/vip1/accounting/static_production_20260915152836/js/91.642022d1.chunk.js,1,12548
POST,/jdy-fi/{dbId}/gl/v1/carry-forward-tax-certified/save-acct,excluded_action_or_ambiguous,not_probed,,e,https://static.kdzwy.com/saas/vip1/accounting/static_production_20260915152836/js/main.606e9379.chunk.js,1,544896
POST,/jdy-fi/{dbId}/gl/v1/finance-analyse/sys-param/copy,excluded_action_or_ambiguous,not_probed,,a,https://static.kdzwy.com/saas/vip1/accounting/static_production_20260915152836/js/29.262e5625.chunk.js,1,40132
GET,/jdy-fi/{dbId}/gl/v1/finance-analyse/sys-param/reset,excluded_action_or_ambiguous,not_probed,,e,https://static.kdzwy.com/saas/vip1/accounting/static_production_20260915152836/js/29.262e5625.chunk.js,1,40447
POST,/jdy-fi/{dbId}/gl/v1/finance/balance/scm-sync,excluded_action_or_ambiguous,not_probed,,a,https://static.kdzwy.com/saas/vip1/accounting/static_production_20260915152836/js/22.31ba7e7e.chunk.js,1,44007
PUT,/jdy-fi/{dbId}/gl/v1/item/disable,excluded_action_or_ambiguous,not_probed,,e,https://static.kdzwy.com/saas/vip1/accounting/static_production_20260915152836/js/28.ddec54f9.chunk.js,1,3238
PUT,/jdy-fi/{dbId}/gl/v1/item/enable,excluded_action_or_ambiguous,not_probed,,e,https://static.kdzwy.com/saas/vip1/accounting/static_production_20260915152836/js/28.ddec54f9.chunk.js,1,3161
POST,/jdy-fi/{dbId}/gl/v1/itemClass/addCollection,excluded_action_or_ambiguous,not_probed,,a,https://static.kdzwy.com/saas/vip1/accounting/static_production_20260915152836/js/28.ddec54f9.chunk.js,1,10761
GET,/jdy-fi/{dbId}/gl/v1/itemClass/delete,excluded_action_or_ambiguous,not_probed,,e,https://static.kdzwy.com/saas/vip1/accounting/static_production_20260915152836/js/28.ddec54f9.chunk.js,1,11329
POST,/jdy-fi/{dbId}/gl/v1/period-end-checkitem/detail-bind-accounts,excluded_action_or_ambiguous,not_probed,,e,https://static.kdzwy.com/saas/vip1/accounting/static_production_20260915152836/js/3.e78dde9a.chunk.js,1,4094
PUT,/jdy-fi/{dbId}/gl/v1/period-end/enable,excluded_action_or_ambiguous,not_probed,,e,https://static.kdzwy.com/saas/vip1/accounting/static_production_20260915152836/js/3.e78dde9a.chunk.js,1,2449
POST,/jdy-fi/{dbId}/gl/v1/period-end/gen-voucher,excluded_action_or_ambiguous,not_probed,,e,https://static.kdzwy.com/saas/vip1/accounting/static_production_20260915152836/js/3.e78dde9a.chunk.js,1,2619
POST,/jdy-fi/{dbId}/gl/v1/period-end/invoice-goods-bill/enable,excluded_action_or_ambiguous,not_probed,,e,https://static.kdzwy.com/saas/vip1/accounting/static_production_20260915152836/js/3.e78dde9a.chunk.js,1,6628
POST,/jdy-fi/{dbId}/gl/v1/period-end/pro-material-req/clean,excluded_action_or_ambiguous,not_probed,,e,https://static.kdzwy.com/saas/vip1/accounting/static_production_20260915152836/js/3.e78dde9a.chunk.js,1,4929
POST,/jdy-fi/{dbId}/gl/v1/period-end/trans-product-cost/gen-voucher,excluded_action_or_ambiguous,not_probed,,e,https://static.kdzwy.com/saas/vip1/accounting/static_production_20260915152836/js/3.e78dde9a.chunk.js,1,6015
POST,/jdy-fi/{dbId}/gl/v1/period-end/trans-sale-cost/clean,excluded_action_or_ambiguous,not_probed,,e,https://static.kdzwy.com/saas/vip1/accounting/static_production_20260915152836/js/3.e78dde9a.chunk.js,1,2800
POST,/jdy-fi/{dbId}/gl/v1/period-end/un-close,excluded_action_or_ambiguous,not_probed,,e,https://static.kdzwy.com/saas/vip1/accounting/static_production_20260915152836/js/3.e78dde9a.chunk.js,1,4467
POST,/jdy-fi/{dbId}/gl/v1/voucher/audit-batch-voucher-unChecked,excluded_action_or_ambiguous,not_probed,,e,https://static.kdzwy.com/saas/vip1/accounting/static_production_20260915152836/js/main.606e9379.chunk.js,1,263489
POST,/jdy-fi/{dbId}/gl/v1/voucher/audit-voucher-checked,excluded_action_or_ambiguous,not_probed,,e,https://static.kdzwy.com/saas/vip1/accounting/static_production_20260915152836/js/main.606e9379.chunk.js,1,263393
POST,/jdy-fi/{dbId}/gl/v1/voucher/copy-period-vch,excluded_action_or_ambiguous,not_probed,,e,https://static.kdzwy.com/saas/vip1/accounting/static_production_20260915152836/js/27.e640e1d4.chunk.js,1,16507
POST,/jdy-fi/{dbId}/gl/v1/voucher/copy-vch,excluded_action_or_ambiguous,not_probed,,e,https://static.kdzwy.com/saas/vip1/accounting/static_production_20260915152836/js/27.e640e1d4.chunk.js,1,15242
POST,/jdy-fi/{dbId}/gl/v1/voucher/delete-recycle,excluded_action_or_ambiguous,not_probed,,t,https://static.kdzwy.com/saas/vip1/accounting/static_production_20260915152836/js/67.cca679d4.chunk.js,1,22623
POST,/jdy-fi/{dbId}/gl/v1/voucher/delete-stage-voucher,excluded_action_or_ambiguous,not_probed,,e,https://static.kdzwy.com/saas/vip1/accounting/static_production_20260915152836/js/30.fd554321.chunk.js,1,12667
POST,/jdy-fi/{dbId}/gl/v1/voucher/insert-vch,excluded_action_or_ambiguous,not_probed,,e,https://static.kdzwy.com/saas/vip1/accounting/static_production_20260915152836/js/27.e640e1d4.chunk.js,1,15408
POST,/jdy-fi/{dbId}/gl/v1/voucher/jump-insert,excluded_action_or_ambiguous,not_probed,,e,https://static.kdzwy.com/saas/vip1/accounting/static_production_20260915152836/js/main.606e9379.chunk.js,1,262309
POST,/jdy-fi/{dbId}/gl/v1/voucher/recover,excluded_action_or_ambiguous,not_probed,,e,https://static.kdzwy.com/saas/vip1/accounting/static_production_20260915152836/js/67.cca679d4.chunk.js,1,23506
POST,/jdy-fi/{dbId}/gl/v1/voucher/save,excluded_action_or_ambiguous,not_probed,,e,https://static.kdzwy.com/saas/vip1/accounting/static_production_20260915152836/js/main.606e9379.chunk.js,1,262150
POST,/jdy-fi/{dbId}/gl/v1/voucher/save-voucher-by-temp,excluded_action_or_ambiguous,not_probed,,e,https://static.kdzwy.com/saas/vip1/accounting/static_production_20260915152836/js/main.606e9379.chunk.js,1,263298
PUT,/jdy-fi/{dbId}/gl/v1/voucher/update,excluded_action_or_ambiguous,not_probed,,e,https://static.kdzwy.com/saas/vip1/accounting/static_production_20260915152836/js/main.606e9379.chunk.js,1,262229
POST,/jdy-fi/{dbId}/gl/v1/voucher/update-explanation,excluded_action_or_ambiguous,not_probed,,e,https://static.kdzwy.com/saas/vip1/accounting/static_production_20260915152836/js/main.606e9379.chunk.js,1,264890
GET,/jdy-fi/{dbId}/index/v1/refresh,excluded_action_or_ambiguous,not_probed,,e,https://static.kdzwy.com/saas/vip1/accounting/static_production_20260915152836/js/main.606e9379.chunk.js,1,305774
DELETE,/jdy-fi/{dbId}/pay/v1/deleteTempVch/{e.id},excluded_action_or_ambiguous,not_probed,,,https://static.kdzwy.com/saas/vip1/accounting/static_production_20260915152836/js/main.606e9379.chunk.js,1,950619
POST,/jdy-fi/{dbId}/pay/v1/sheet-add,excluded_action_or_ambiguous,not_probed,,e,https://static.kdzwy.com/saas/vip1/accounting/static_production_20260915152836/js/main.606e9379.chunk.js,1,949131
POST,/jdy-fi/{dbId}/pay/v1/sheet-copy,excluded_action_or_ambiguous,not_probed,,e,https://static.kdzwy.com/saas/vip1/accounting/static_production_20260915152836/js/main.606e9379.chunk.js,1,948192
POST,/jdy-fi/{dbId}/pay/v1/sheet-update,excluded_action_or_ambiguous,not_probed,,e,https://static.kdzwy.com/saas/vip1/accounting/static_production_20260915152836/js/main.606e9379.chunk.js,1,948533
PUT,/jdy-fi/{dbId}/pay/v1/sheet-update-dep,excluded_action_or_ambiguous,not_probed,,e,https://static.kdzwy.com/saas/vip1/accounting/static_production_20260915152836/js/main.606e9379.chunk.js,1,951508
PUT,/jdy-fi/{dbId}/pay/v1/sheet-update-emp,excluded_action_or_ambiguous,not_probed,,e,https://static.kdzwy.com/saas/vip1/accounting/static_production_20260915152836/js/main.606e9379.chunk.js,1,951424
POST,/jdy-fi/{dbId}/pay/v1/sheet/addColumn,excluded_action_or_ambiguous,not_probed,,e,https://static.kdzwy.com/saas/vip1/accounting/static_production_20260915152836/js/main.606e9379.chunk.js,1,949048
DELETE,/jdy-fi/{dbId}/pay/v1/sheet/deleteColumn?id={e.id},excluded_action_or_ambiguous,not_probed,id,,https://static.kdzwy.com/saas/vip1/accounting/static_production_20260915152836/js/main.606e9379.chunk.js,1,948945
POST,/jdy-fi/{dbId}/pay/v1/sheet/saveColumn,excluded_action_or_ambiguous,not_probed,,e,https://static.kdzwy.com/saas/vip1/accounting/static_production_20260915152836/js/main.606e9379.chunk.js,1,948861
POST,/jdy-fi/{dbId}/pay/v1/sheet/saveTemplate,excluded_action_or_ambiguous,not_probed,,e,https://static.kdzwy.com/saas/vip1/accounting/static_production_20260915152836/js/main.606e9379.chunk.js,1,949883
POST,/jdy-fi/{dbId}/pay/v1/sheet/updateColumnStatus,excluded_action_or_ambiguous,not_probed,,e,https://static.kdzwy.com/saas/vip1/accounting/static_production_20260915152836/js/main.606e9379.chunk.js,1,949291
POST,/jdy-fi/{dbId}/pay/v1/sheet/updateInfo,excluded_action_or_ambiguous,not_probed,,e,https://static.kdzwy.com/saas/vip1/accounting/static_production_20260915152836/js/main.606e9379.chunk.js,1,949461
POST,/jdy-fi/{dbId}/pay/v1/sheet/updateVchOption,excluded_action_or_ambiguous,not_probed,,e,https://static.kdzwy.com/saas/vip1/accounting/static_production_20260915152836/js/main.606e9379.chunk.js,1,951334
POST,/jdy-fi/{dbId}/pay/v1/voucherRule-update,excluded_action_or_ambiguous,not_probed,,e,https://static.kdzwy.com/saas/vip1/accounting/static_production_20260915152836/js/main.606e9379.chunk.js,1,950370
POST,/jdy-fi/{dbId}/pay/v1/voucherRule-updateStatus,excluded_action_or_ambiguous,not_probed,,e,https://static.kdzwy.com/saas/vip1/accounting/static_production_20260915152836/js/main.606e9379.chunk.js,1,748112
POST,/jdy-fi/{dbId}/rpt/v1/balance/auto-match,excluded_action_or_ambiguous,not_probed,,s,https://static.kdzwy.com/saas/vip1/accounting/static_production_20260915152836/js/42.9b16857e.chunk.js,1,38041
POST,/jdy-fi/{dbId}/rpt/v1/balance/copy,excluded_action_or_ambiguous,not_probed,,l,https://static.kdzwy.com/saas/vip1/accounting/static_production_20260915152836/js/42.9b16857e.chunk.js,1,67533
GET,/jdy-fi/{dbId}/rpt/v1/balance/reclassify,excluded_action_or_ambiguous,not_probed,,e,https://static.kdzwy.com/saas/vip1/accounting/static_production_20260915152836/js/42.9b16857e.chunk.js,1,85054
POST,/jdy-fi/{dbId}/rpt/v1/balance/reclassify,excluded_action_or_ambiguous,not_probed,,o,https://static.kdzwy.com/saas/vip1/accounting/static_production_20260915152836/js/42.9b16857e.chunk.js,1,58606
POST,/jdy-fi/{dbId}/rpt/v1/cashflow/adjustCashFlowBatch,excluded_action_or_ambiguous,not_probed,,e,https://static.kdzwy.com/saas/vip1/accounting/static_production_20260915152836/js/main.606e9379.chunk.js,1,826972
POST,/jdy-fi/{dbId}/rpt/v1/cashflow/adjustCashFlowVoucher,excluded_action_or_ambiguous,not_probed,,e,https://static.kdzwy.com/saas/vip1/accounting/static_production_20260915152836/js/main.606e9379.chunk.js,1,827068
POST,/jdy-fi/{dbId}/rpt/v1/defineReport-copy,excluded_action_or_ambiguous,not_probed,,e,https://static.kdzwy.com/saas/vip1/accounting/static_production_20260915152836/js/33.656a401f.chunk.js,1,995
POST,/jdy-fi/{dbId}/rpt/v1/defineReport/create,excluded_action_or_ambiguous,not_probed,,e,https://static.kdzwy.com/saas/vip1/accounting/static_production_20260915152836/js/33.656a401f.chunk.js,1,646
GET,/jdy-fi/{dbId}/rpt/v1/defineReport/reclassify,excluded_action_or_ambiguous,not_probed,,e,https://static.kdzwy.com/saas/vip1/accounting/static_production_20260915152836/js/46.e5c341f3.chunk.js,1,15278
POST,/jdy-fi/{dbId}/rpt/v1/defineReport/saveEdit,excluded_action_or_ambiguous,not_probed,,e,https://static.kdzwy.com/saas/vip1/accounting/static_production_20260915152836/js/46.e5c341f3.chunk.js,1,35926
POST,/jdy-fi/{dbId}/rpt/v1/profit/auto-match,excluded_action_or_ambiguous,not_probed,,e,https://static.kdzwy.com/saas/vip1/accounting/static_production_20260915152836/js/35.aef491bf.chunk.js,1,8907
POST,/jdy-fi/{dbId}/rpt/v1/profit/copy,excluded_action_or_ambiguous,not_probed,,r,https://static.kdzwy.com/saas/vip1/accounting/static_production_20260915152836/js/31.9fd53a13.chunk.js,1,75198
DELETE,/jdy-fi/{dbId}/rpt/v1/profit/formula/remove,excluded_action_or_ambiguous,not_probed,,e,https://static.kdzwy.com/saas/vip1/accounting/static_production_20260915152836/js/35.aef491bf.chunk.js,1,8992
POST,/jdy-fi/{dbId}/rpt/v1/profit/item/update,excluded_action_or_ambiguous,not_probed,,e,https://static.kdzwy.com/saas/vip1/accounting/static_production_20260915152836/js/35.aef491bf.chunk.js,1,127472
POST,/jdy-fi/{dbId}/rpt/v1/profit/report/edit,excluded_action_or_ambiguous,not_probed,,n,https://static.kdzwy.com/saas/vip1/accounting/static_production_20260915152836/js/31.9fd53a13.chunk.js,1,82797
POST,/jdy-fi/{dbId}/rpt/v1/profit/report/editNGO,excluded_action_or_ambiguous,not_probed,,e,https://static.kdzwy.com/saas/vip1/accounting/static_production_20260915152836/js/35.aef491bf.chunk.js,1,127785
POST,/jdy-fi/{dbId}/scm/v1/bind/bind/{e.id},excluded_action_or_ambiguous,not_probed,,e,https://static.kdzwy.com/saas/vip1/accounting/static_production_20260915152836/js/main.606e9379.chunk.js,1,21938
GET,/jdy-fi/{dbId}/scm/v1/bind/service-list,excluded_action_or_ambiguous,not_probed,,e,https://static.kdzwy.com/saas/vip1/accounting/static_production_20260915152836/js/main.606e9379.chunk.js,1,21854
POST,/jdy-fi/{dbId}/scm/v1/bind/unbind/{e.id},excluded_action_or_ambiguous,not_probed,,e,https://static.kdzwy.com/saas/vip1/accounting/static_production_20260915152836/js/main.606e9379.chunk.js,1,22029
POST,/jdy-fi/{dbId}/stock/v1/bill/copy,excluded_action_or_ambiguous,not_probed,,"Object(o.a)({odo:!1},r)",https://static.kdzwy.com/saas/vip1/accounting/static_production_20260915152836/js/37.8faf31ca.chunk.js,1,70801
POST,/jdy-fi/{dbId}/stock/v1/bill/create,excluded_action_or_ambiguous,not_probed,,"Object(o.a)({odo:!1},e)",https://static.kdzwy.com/saas/vip1/accounting/static_production_20260915152836/js/37.8faf31ca.chunk.js,1,40121
POST,/jdy-fi/{dbId}/stock/v1/bill/delete,excluded_action_or_ambiguous,not_probed,,n,https://static.kdzwy.com/saas/vip1/accounting/static_production_20260915152836/js/37.8faf31ca.chunk.js,1,71583
POST,/jdy-fi/{dbId}/stock/v1/bill/save,excluded_action_or_ambiguous,not_probed,,e,https://static.kdzwy.com/saas/vip1/accounting/static_production_20260915152836/js/39.1815d2e5.chunk.js,1,2104
GET,/jdy-fi/{dbId}/stock/v1/reset,excluded_action_or_ambiguous,not_probed,,,https://static.kdzwy.com/saas/vip1/accounting/static_production_20260915152836/js/60.fe39d594.chunk.js,1,8560
POST,/jdy-fi/{dbId}/stock/v1/save,excluded_action_or_ambiguous,not_probed,,e,https://static.kdzwy.com/saas/vip1/accounting/static_production_20260915152836/js/60.fe39d594.chunk.js,1,8487
GET,/jdy-fi/{dbId}/stock/v1/stockBalance/create,excluded_action_or_ambiguous,not_probed,,,https://static.kdzwy.com/saas/vip1/accounting/static_production_20260915152836/js/60.fe39d594.chunk.js,1,8794
POST,/jdy-fi/{dbId}/stock/v1/stockBalance/save,excluded_action_or_ambiguous,not_probed,,e,https://static.kdzwy.com/saas/vip1/accounting/static_production_20260915152836/js/60.fe39d594.chunk.js,1,8880
POST,/jdy-fi/{dbId}/sys/v1/backup/auth/send,excluded_action_or_ambiguous,not_probed,,e,https://static.kdzwy.com/saas/vip1/accounting/static_production_20260915152836/js/main.606e9379.chunk.js,1,82347
POST,/jdy-fi/{dbId}/user/v1/acct-copy,excluded_action_or_ambiguous,not_probed,,e,https://static.kdzwy.com/saas/vip1/accounting/static_production_20260915152836/js/main.606e9379.chunk.js,1,561574
POST,/jdy-fi/{dbId}/user/v1/acct/role-copy,excluded_action_or_ambiguous,not_probed,,t,https://static.kdzwy.com/saas/vip1/accounting/static_production_20260915152836/js/7.c15730a1.chunk.js,1,22719
DELETE,/jdy-fi/{dbId}/user/v1/acct/role-deleteVisitor,excluded_action_or_ambiguous,not_probed,,n,https://static.kdzwy.com/saas/vip1/accounting/static_production_20260915152836/js/7.c15730a1.chunk.js,1,56472
DELETE,/jdy-fi/{dbId}/vat/v1/delete-file,excluded_action_or_ambiguous,not_probed,,e,https://static.kdzwy.com/saas/vip1/accounting/static_production_20260915152836/js/main.606e9379.chunk.js,1,539433
DELETE,/jdy-fi/{dbId}/vat/v1/delete-signFile,excluded_action_or_ambiguous,not_probed,,e,https://static.kdzwy.com/saas/vip1/accounting/static_production_20260915152836/js/main.606e9379.chunk.js,1,544227
POST,/jdy-fi/{dbId}/vat/v1/invoice-temp-clean,excluded_action_or_ambiguous,not_probed,,e,https://static.kdzwy.com/saas/vip1/accounting/static_production_20260915152836/js/main.606e9379.chunk.js,1,543962
POST,/jdy-fi/{dbId}/vat/v1/invoice/gen-voucher,excluded_action_or_ambiguous,not_probed,,e,https://static.kdzwy.com/saas/vip1/accounting/static_production_20260915152836/js/main.606e9379.chunk.js,1,539258
POST,/jdy-fi/{dbId}/vat/v1/invoice/goodsrule/cleanup,excluded_action_or_ambiguous,not_probed,,e,https://static.kdzwy.com/saas/vip1/accounting/static_production_20260915152836/js/main.606e9379.chunk.js,1,348804
POST,/jdy-fi/{dbId}/vat/v1/invoice/goodsrule/save,excluded_action_or_ambiguous,not_probed,,e,https://static.kdzwy.com/saas/vip1/accounting/static_production_20260915152836/js/main.606e9379.chunk.js,1,348714
POST,/jdy-fi/{dbId}/vat/v1/invoice/unbind-file-voucher,excluded_action_or_ambiguous,not_probed,,e,https://static.kdzwy.com/saas/vip1/accounting/static_production_20260915152836/js/main.606e9379.chunk.js,1,539872
POST,/jdy-fi/{dbId}/vat/v1/invoice/unbind-signFile-voucher,excluded_action_or_ambiguous,not_probed,,e,https://static.kdzwy.com/saas/vip1/accounting/static_production_20260915152836/js/main.606e9379.chunk.js,1,544313
POST,/jdy-fi/{dbId}/vat/v1/voucher-temp/business/add,excluded_action_or_ambiguous,not_probed,,e,https://static.kdzwy.com/saas/vip1/accounting/static_production_20260915152836/js/main.606e9379.chunk.js,1,541085
DELETE,/jdy-fi/{dbId}/vat/v1/voucher-temp/business/delete,excluded_action_or_ambiguous,not_probed,,e,https://static.kdzwy.com/saas/vip1/accounting/static_production_20260915152836/js/main.606e9379.chunk.js,1,541273
PUT,/jdy-fi/{dbId}/vat/v1/voucher-temp/business/update,excluded_action_or_ambiguous,not_probed,,e,https://static.kdzwy.com/saas/vip1/accounting/static_production_20260915152836/js/main.606e9379.chunk.js,1,541178
POST,/jdy-fi/{dbId}/vat/v1/voucher-temp/copyOtherTax,excluded_action_or_ambiguous,not_probed,,e,https://static.kdzwy.com/saas/vip1/accounting/static_production_20260915152836/js/main.606e9379.chunk.js,1,538992
PUT,/jdy-fi/{dbId}/vat/v1/voucher-temp/set-type,excluded_action_or_ambiguous,not_probed,,e,https://static.kdzwy.com/saas/vip1/accounting/static_production_20260915152836/js/main.606e9379.chunk.js,1,540722
POST,/jdy-fi/{dbId}/vat/v1/voucher-temp/synchronizeVoucherTemp,excluded_action_or_ambiguous,not_probed,,e,https://static.kdzwy.com/saas/vip1/accounting/static_production_20260915152836/js/main.606e9379.chunk.js,1,541371
POST,/jdy-print/api/printManager/addPrintTemplate,excluded_action_or_ambiguous,not_probed,,e,https://static.kdzwy.com/saas/vip1/accounting/static_production_20260915152836/js/73.521ffe7c.chunk.js,1,3441
POST,/jdy-print/api/printManager/deletePrintTemplate,excluded_action_or_ambiguous,not_probed,,t,https://static.kdzwy.com/saas/vip1/accounting/static_production_20260915152836/js/73.521ffe7c.chunk.js,1,36056
POST,/jdy-print/api/printManager/deletePrintTemplateBatch,excluded_action_or_ambiguous,not_probed,,t,https://static.kdzwy.com/saas/vip1/accounting/static_production_20260915152836/js/73.521ffe7c.chunk.js,1,42034
POST,/jdy-print/api/printManager/updatePrintTemplate,excluded_action_or_ambiguous,not_probed,,e,https://static.kdzwy.com/saas/vip1/accounting/static_production_20260915152836/js/73.521ffe7c.chunk.js,1,3356
POST,/noteprint/noteprinttemp?m=setDefault&templateId={e.templateId}&type={e.printType},excluded_action_or_ambiguous,not_probed,"m,templateId,type",{},https://static.kdzwy.com/saas/vip1/accounting/static_production_20260915152836/js/main.606e9379.chunk.js,1,79093
POST,/noteprint/noteprinttemp?m=update,excluded_action_or_ambiguous,not_probed,m,e,https://vip4-kj.kdzwy.com/js/dist/printTemplates.js?ver=202609151511,1,4775
POST,/pay/VoucherRuleAction?m=delete&voucherRuleId={a},excluded_action_or_ambiguous,not_probed,"m,voucherRuleId",,https://vip4-kj.kdzwy.com/js/dist/pay/voucherRule.js,1,3201
POST,/pay/department.do?m=delete&ids={a},excluded_action_or_ambiguous,not_probed,"ids,m",,https://vip4-kj.kdzwy.com/js/dist/pay/department.js,1,3678
POST,/pay/employee.do?m=delete&ids={a},excluded_action_or_ambiguous,not_probed,"ids,m",,https://vip4-kj.kdzwy.com/js/dist/pay/employee.js,1,6418
POST,/report/report?m=addRptItem,excluded_action_or_ambiguous,not_probed,m,e,https://static.kdzwy.com/saas/vip1/accounting/static_production_20260915152836/js/main.606e9379.chunk.js,1,305139
POST,/report/report?m=autoMatchFormula,excluded_action_or_ambiguous,not_probed,m,{accountIds:JSON.stringify(a)},https://vip4-kj.kdzwy.com/js/dist/balanceSheet.js?ver=202609151511,1,4393
POST,/report/report?m=deleteRptItem,excluded_action_or_ambiguous,not_probed,m,e,https://static.kdzwy.com/saas/vip1/accounting/static_production_20260915152836/js/main.606e9379.chunk.js,1,304994
POST,/report/report?m=editProfitReportForAcct2018,excluded_action_or_ambiguous,not_probed,m,"{yearperiod:filterConditions.period,type:filterConditions.type,periodParm:filterConditions.periodParm,postData:""[""+postData.toString()+""]""}",https://vip4-kj.kdzwy.com/js/dist/profitSheet.js?ver=202609151511,1,2008
POST,/report/report?m=reclasssify,excluded_action_or_ambiguous,not_probed,m,{classifyType:a},https://vip4-kj.kdzwy.com/js/dist/balanceSheet.js?ver=202609151511,1,847
POST,/third/acct/import?dbId={r},excluded_action_or_ambiguous,not_probed,dbId,a,https://static.kdzwy.com/saas/vip1/accounting/static_production_20260915152836/js/main.606e9379.chunk.js,1,1444601
UNKNOWN,/voucher/voucher-add?templateId={a},excluded_action_or_ambiguous,not_probed,templateId,,https://vip4-kj.kdzwy.com/js/dist/templateList.js?ver=202609151511,1,2732
GET,https://ptapi.jdy.com/wps/saveProtocolSign,excluded_action_or_ambiguous,not_probed,,,https://static.kdzwy.com/saas/vip1/accounting/static_production_20260915152836/js/main.606e9379.chunk.js,1,596442
UNKNOWN,https://service.jdy.com/mvc/message/add,excluded_action_or_ambiguous,not_probed,,t,https://static.kdzwy.com/saas/vip1/accounting/static_production_20260915152836/js/7.c15730a1.chunk.js,1,49411
GET,https://service.jdy.com/mvc/oauth2/bind/information,excluded_action_or_ambiguous,not_probed,,e,https://vip4-kj.kdzwy.com/home/static/js/app.0833bc2f.js,1,1226010
POST,/acct/bs/assist.do?m=findProAndInd&type=industry,post_query_candidate_needs_review,not_probed,"m,type",e,https://static.kdzwy.com/saas/vip1/accounting/static_production_20260915152836/js/main.606e9379.chunk.js,1,561243
POST,/acct/bs/assist.do?m=findProAndInd&type=provciti,post_query_candidate_needs_review,not_probed,"m,type",e,https://static.kdzwy.com/saas/vip1/accounting/static_production_20260915152836/js/main.606e9379.chunk.js,1,561337
POST,/acct/bu.do?m=list,post_query_candidate_needs_review,not_probed,m,,https://static.kdzwy.com/saas/vip1/accounting/static_production_20260915152836/js/116.2a4ad2c6.chunk.js,1,5410
POST,/bs/item?m=findItem&itemClassId={a.id},post_query_candidate_needs_review,not_probed,"itemClassId,m",,https://vip4-kj.kdzwy.com/js/dist/accountingLedger.js?ver=202609151511,1,15626
POST,/bs/item?m=findItem&itemClassId={a},post_query_candidate_needs_review,not_probed,"itemClassId,m",,https://vip4-kj.kdzwy.com/js/dist/accountingLedger.js?ver=202609151511,1,14407
POST,/bs/itemClass?m=findUserDefine,post_query_candidate_needs_review,not_probed,m,,https://vip4-kj.kdzwy.com/js/dist/accountingLedger.js?ver=202609151511,1,15119
POST,/bs/systemprofile?m=getGyLastSyncTime,post_query_candidate_needs_review,not_probed,m,{},https://vip4-kj.kdzwy.com/js/dist/voucherScm.js?ver=202609151511,1,18043
POST,/gl/balance/query?m=queryBalance&classId={subjectType}&currency={currency},post_query_candidate_needs_review,not_probed,"classId,currency,m",,https://vip4-kj.kdzwy.com/js/dist/initialBalance.js?ver=202609151511,1,773
POST,/gl/balanceReport?m=queryAccountItem,post_query_candidate_needs_review,not_probed,m,"{accountId:d,fromPeriod:filterConditions.fromPeriod,currency:filterConditions.currency,toPeriod:filterConditions.toPeriod,balance:filterConditions.balance,happen:filterConditions.happen,parentCur:f}",https://vip4-kj.kdzwy.com/js/dist/subjectBalance.js?ver=202609151511,1,18896
POST,/gl/general?m=getDetailJobResult&jobId={b.data.jobId},post_query_candidate_needs_review,not_probed,"jobId,m",,https://vip4-kj.kdzwy.com/js/dist/subsidiaryLedger.js?ver=202609151511,1,27807
POST,/gl/general?m=queryAccount,post_query_candidate_needs_review,not_probed,m,filterConditions,https://vip4-kj.kdzwy.com/js/dist/subsidiaryLedger.js?ver=202609151511,1,132
POST,/gl/general?m=queryItemAccount,post_query_candidate_needs_review,not_probed,m,filterConditions,https://vip4-kj.kdzwy.com/js/dist/accountingLedger.js?ver=202609151511,1,96
POST,/gl/voucher?m=findVchId,post_query_candidate_needs_review,not_probed,m,b,https://vip4-kj.kdzwy.com/js/dist/voucherInit.js,1,29320
POST,/gl/voucher?m=getvchNum,post_query_candidate_needs_review,not_probed,m,"{vchdate:b,groupId:a,vchId:PAGE.vchID||""""}",https://vip4-kj.kdzwy.com/js/dist/voucher.js?ver=202609151511,2,28142
POST,/jdy-fi-rpt/{dbId}/v1/balance-item-report/query,post_query_candidate_needs_review,verified_business_success,,o,https://static.kdzwy.com/saas/vip1/accounting/static_production_20260915152836/js/50.f9b9958d.chunk.js,1,30265
POST,/jdy-fi-rpt/{dbId}/v1/common/report/calculate,post_query_candidate_needs_review,not_probed,,j,https://static.kdzwy.com/saas/vip1/accounting/static_production_20260915152836/js/44.f0353c7e.chunk.js,1,36575
POST,/jdy-fi-rpt/{dbId}/v1/common/report/formula,post_query_candidate_needs_review,not_probed,,v,https://static.kdzwy.com/saas/vip1/accounting/static_production_20260915152836/js/44.f0353c7e.chunk.js,1,32678
POST,/jdy-fi-rpt/{dbId}/v1/cost-detail/list,post_query_candidate_needs_review,verified_business_success,,e,https://static.kdzwy.com/saas/vip1/accounting/static_production_20260915152836/js/47.e892b82f.chunk.js,1,2393
POST,/jdy-fi-rpt/{dbId}/v1/gl/balance-report,post_query_candidate_needs_review,verified_business_success,,r,https://static.kdzwy.com/saas/vip1/accounting/static_production_20260915152836/js/51.60187568.chunk.js,1,29661
POST,/jdy-fi-rpt/{dbId}/v1/gl/general/query-total,post_query_candidate_needs_review,verified_business_success,,e,https://static.kdzwy.com/saas/vip1/accounting/static_production_20260915152836/js/58.cda7d53c.chunk.js,1,26757
POST,/jdy-fi-rpt/{dbId}/v1/gl/multicolaccount/query,post_query_candidate_needs_review,not_probed,,e,https://static.kdzwy.com/saas/vip1/accounting/static_production_20260915152836/js/55.1ee1ba78.chunk.js,1,13767
POST,/jdy-fi-rpt/{dbId}/v1/qtyDetailAccount/detail,post_query_candidate_needs_review,not_probed,,g,https://static.kdzwy.com/saas/vip1/accounting/static_production_20260915152836/js/36.8c16b134.chunk.js,1,30787
POST,/jdy-fi-rpt/{dbId}/v1/qtyTotalAccount/detail,post_query_candidate_needs_review,verified_business_success,,e,https://static.kdzwy.com/saas/vip1/accounting/static_production_20260915152836/js/59.438d0efb.chunk.js,1,26766
POST,/jdy-fi-rpt/{dbId}/v1/stock/report/queryDetail,post_query_candidate_needs_review,not_probed,,m,https://static.kdzwy.com/saas/vip1/accounting/static_production_20260915152836/js/101.dd8b647f.chunk.js,1,17454
POST,/jdy-fi-rpt/{dbId}/v1/stock/report/querySummary,post_query_candidate_needs_review,not_probed,,t,https://static.kdzwy.com/saas/vip1/accounting/static_production_20260915152836/js/89.cdeede98.chunk.js,1,18630
POST,/jdy-fi-tp/{dbId}/gl/v1/finance-analyse/query?{Object(Y.z)(n)},post_query_candidate_needs_review,not_probed,,n,https://static.kdzwy.com/saas/vip1/accounting/static_production_20260915152836/js/29.262e5625.chunk.js,1,26668
POST,/jdy-fi-tp/{dbId}/gl/v1/period-end/list,post_query_candidate_needs_review,not_probed,,e,https://static.kdzwy.com/saas/vip1/accounting/static_production_20260915152836/js/3.e78dde9a.chunk.js,1,2278
POST,/jdy-fi/{dbId}/fa/v1/card/list,post_query_candidate_needs_review,verified_business_success,,t,https://static.kdzwy.com/saas/vip1/accounting/static_production_20260915152836/js/12.79f7d856.chunk.js,1,11509
POST,/jdy-fi/{dbId}/gl/v1/finance/balance,post_query_candidate_needs_review,not_probed,,n,https://static.kdzwy.com/saas/vip1/accounting/static_production_20260915152836/js/22.31ba7e7e.chunk.js,1,179752
POST,/jdy-fi/{dbId}/gl/v1/finance/balance-item,post_query_candidate_needs_review,not_probed,,e,https://static.kdzwy.com/saas/vip1/accounting/static_production_20260915152836/js/22.31ba7e7e.chunk.js,1,16453
POST,/jdy-fi/{dbId}/gl/v1/finance/balance/scm-acct,post_query_candidate_needs_review,not_probed,,a,https://static.kdzwy.com/saas/vip1/accounting/static_production_20260915152836/js/22.31ba7e7e.chunk.js,1,67903
POST,/jdy-fi/{dbId}/gl/v1/voucher/find-balance,post_query_candidate_needs_review,not_probed,,e,https://static.kdzwy.com/saas/vip1/accounting/static_production_20260915152836/js/main.606e9379.chunk.js,1,264629
POST,/jdy-fi/{dbId}/rpt/v1/balance/formula,post_query_candidate_needs_review,not_probed,,e,https://static.kdzwy.com/saas/vip1/accounting/static_production_20260915152836/js/42.9b16857e.chunk.js,1,8283
POST,/jdy-fi/{dbId}/rpt/v1/balance/formula/calculate,post_query_candidate_needs_review,not_probed,,o,https://static.kdzwy.com/saas/vip1/accounting/static_production_20260915152836/js/42.9b16857e.chunk.js,1,42685
POST,/jdy-fi/{dbId}/rpt/v1/balance/pre-bal-by-cache,post_query_candidate_needs_review,not_probed,,t,https://static.kdzwy.com/saas/vip1/accounting/static_production_20260915152836/js/42.9b16857e.chunk.js,1,44801
POST,/jdy-fi/{dbId}/stock/v1/bill/query,post_query_candidate_needs_review,not_probed,,f,https://static.kdzwy.com/saas/vip1/accounting/static_production_20260915152836/js/37.8faf31ca.chunk.js,1,30635
POST,/jdy-fi/{dbId}/stock/v1/stockBalance/query,post_query_candidate_needs_review,not_probed,,e,https://static.kdzwy.com/saas/vip1/accounting/static_production_20260915152836/js/60.fe39d594.chunk.js,1,8707
POST,/jdy-fi/{dbId}/vat/v1/invoice/goodsrule/query/matched,post_query_candidate_needs_review,not_probed,,e,https://static.kdzwy.com/saas/vip1/accounting/static_production_20260915152836/js/main.606e9379.chunk.js,1,348615
POST,/jdy-fi/{dbId}/vat/v1/invoice/goodsrule/query/matching,post_query_candidate_needs_review,not_probed,,e,https://static.kdzwy.com/saas/vip1/accounting/static_production_20260915152836/js/main.606e9379.chunk.js,1,348409
POST,/jdy-fi/{dbId}/vat/v1/invoice/goodsrule/query/matching_check,post_query_candidate_needs_review,not_probed,,e,https://static.kdzwy.com/saas/vip1/accounting/static_production_20260915152836/js/main.606e9379.chunk.js,1,348509
POST,/noteprint/noteprinttemp?m=findByType&type={e},post_query_candidate_needs_review,not_probed,"m,type",e,https://static.kdzwy.com/saas/vip1/accounting/static_production_20260915152836/js/main.606e9379.chunk.js,1,78910
POST,/noteprint/noteprinttemp?m=findByType&type={printType},post_query_candidate_needs_review,not_probed,"m,type",,https://vip4-kj.kdzwy.com/js/common/common.js?ver=202609151511,737,14
POST,/report/report?m=getAccountBal,post_query_candidate_needs_review,not_probed,m,_postData,https://vip4-kj.kdzwy.com/js/dist/voucher.js?ver=202609151511,2,31509
POST,https://open.jdy.com/api/commomlinks/list,post_query_candidate_needs_review,not_probed,,e,https://vip4-kj.kdzwy.com/home/static/js/app.0833bc2f.js,1,1225840
POST,https://open.jdy.com/api/dynamic/list,post_query_candidate_needs_review,not_probed,,e,https://vip4-kj.kdzwy.com/home/static/js/app.0833bc2f.js,1,1225927
GET,/acct/bu.do?m=list,read_candidate,not_probed,m,e,https://static.kdzwy.com/saas/vip1/accounting/static_production_20260915152836/js/main.606e9379.chunk.js,1,560876
GET,/acct/bu.do?m=remainCount,read_candidate,not_probed,m,,https://static.kdzwy.com/saas/vip1/accounting/static_production_20260915152836/js/main.606e9379.chunk.js,1,302341
GET,/acct/employee.do?m=findCurrentEmp,read_candidate,not_probed,m,e,https://vip4-kj.kdzwy.com/home/static/js/app.0833bc2f.js,1,1219400
GET,/acct/right.do?m=isRight,read_candidate,not_probed,m,e,https://static.kdzwy.com/saas/vip1/accounting/static_production_20260915152836/js/main.606e9379.chunk.js,1,598850
GET,/basedata/initParams?m=extendTrialService,read_candidate,not_probed,m,,https://static.kdzwy.com/saas/vip1/accounting/static_production_20260915152836/js/main.606e9379.chunk.js,1,81857
GET,/basedata/initParams?m=getCommonFunctions,read_candidate,verified_business_success,m,e,https://static.kdzwy.com/saas/vip1/accounting/static_production_20260915152836/js/main.606e9379.chunk.js,1,71695
GET,/basedata/initParams?m=getSystemParams,read_candidate,verified_business_success,m,e,https://static.kdzwy.com/saas/vip1/accounting/static_production_20260915152836/js/main.606e9379.chunk.js,1,71621
GET,/basedata/initParams?m=userServiceCode,read_candidate,not_probed,m,e,https://static.kdzwy.com/saas/vip1/accounting/static_production_20260915152836/js/main.606e9379.chunk.js,1,305485
GET,/bs/assist.do?m=getUserSetting,read_candidate,not_probed,m,e,https://static.kdzwy.com/saas/vip1/accounting/static_production_20260915152836/js/main.606e9379.chunk.js,1,78445
GET,/bs/assist.do?m=list&type=salarykind,read_candidate,verified_business_success,"m,type",,https://static.kdzwy.com/saas/vip1/accounting/static_production_20260915152836/js/main.606e9379.chunk.js,1,1726362
GET,/bs/assist.do?m=list&type=voucherTempType&_search=false,read_candidate,verified_business_success,"_search,m,type",e,https://static.kdzwy.com/saas/vip1/accounting/static_production_20260915152836/js/main.606e9379.chunk.js,1,262987
GET,/bs/currency?m=findAll,read_candidate,verified_business_success,m,,https://static.kdzwy.com/saas/vip1/accounting/static_production_20260915152836/js/main.606e9379.chunk.js,1,1725502
GET,/bs/systemprofile?m=agree,read_candidate,not_probed,m,,https://static.kdzwy.com/saas/vip1/accounting/static_production_20260915152836/js/main.606e9379.chunk.js,1,81798
GET,/cloud-spi/course/video_url,read_candidate,not_probed,,{videoId:null===e||void 0===e||null===(a=e.content[0])||void 0===a?void 0:a.resourceId},https://static.kdzwy.com/saas/vip1/accounting/static_production_20260915152836/js/33.656a401f.chunk.js,1,31283
GET,/cloud-spi/course/video_url?videoId={e},read_candidate,not_probed,videoId,,https://static.kdzwy.com/saas/vip1/accounting/static_production_20260915152836/js/main.606e9379.chunk.js,1,304121
GET,/gl/account?m=findAll&isdetail=0,read_candidate,not_probed,"isdetail,m",,https://vip4-kj.kdzwy.com/home/static/js/app.0833bc2f.js,1,1072368
GET,/gl/account?m=findAll&isdetail=1,read_candidate,not_probed,"isdetail,m",e,https://vip4-kj.kdzwy.com/home/static/js/app.0833bc2f.js,1,1216073
GET,/gl/account?m=queryAccount,read_candidate,not_probed,m,e,https://vip4-kj.kdzwy.com/home/static/js/app.0833bc2f.js,1,1215969
GET,/gl/acctgroup/query?m=findByclassId,read_candidate,not_probed,m,e,https://static.kdzwy.com/saas/vip1/accounting/static_production_20260915152836/js/main.606e9379.chunk.js,1,415261
GET,/gl/cashier/cashTypeAction?m=list1,read_candidate,verified_business_success,m,,https://static.kdzwy.com/saas/vip1/accounting/static_production_20260915152836/js/main.606e9379.chunk.js,1,1725933
GET,/gl/cashier/cashierAccountAction?m=list,read_candidate,verified_business_success,m,{disableFrontErrorMsg:!0},https://static.kdzwy.com/saas/vip1/accounting/static_production_20260915152836/js/main.606e9379.chunk.js,1,1726033
GET,/gl/general?m=queryDetail,read_candidate,not_probed,m,filterConditions,https://vip4-kj.kdzwy.com/js/dist/subsidiaryLedger.js?ver=202609151511,1,3191
GET,/gl/remark?m=findList&internalind=t_VoucherExplanation,read_candidate,not_probed,"internalind,m",e,https://static.kdzwy.com/saas/vip1/accounting/static_production_20260915152836/js/main.606e9379.chunk.js,1,264066
GET,/gl/voucher?m=findUsedVchNO,read_candidate,verified_business_success,m,,https://static.kdzwy.com/saas/vip1/accounting/static_production_20260915152836/js/main.606e9379.chunk.js,1,1723911
GET,/gl/voucher?m=getVchById&vchId={PAGE.vchID},read_candidate,not_probed,"m,vchId",,https://vip4-kj.kdzwy.com/js/dist/voucher.js?ver=202609151511,1,991
GET,/gl/voucher?m=getvchNum,read_candidate,not_probed,m,e,https://static.kdzwy.com/saas/vip1/accounting/static_production_20260915152836/js/main.606e9379.chunk.js,1,262091
GET,/gl/voucher?m=handleBeforePrintExport,read_candidate,not_probed,m,,https://vip4-kj.kdzwy.com/js/dist/voucherList.js?ver=202609151511,1,12053
GET,/initParam/guideParam/list,read_candidate,not_probed,,,https://vip4-kj.kdzwy.com/home/static/js/app.0833bc2f.js,1,1227399
GET,/jdy-fi-bd/ai/auth,read_candidate,not_probed,,e,https://static.kdzwy.com/saas/vip1/accounting/static_production_20260915152836/js/main.606e9379.chunk.js,1,305720
GET,/jdy-fi-bd/{dbId}/v1/account/,read_candidate,verified_business_success,,e,https://static.kdzwy.com/saas/vip1/accounting/static_production_20260915152836/js/main.606e9379.chunk.js,1,78361
GET,/jdy-fi-bd/{dbId}/v1/authCode,read_candidate,not_probed,,e,https://static.kdzwy.com/saas/vip1/accounting/static_production_20260915152836/js/main.606e9379.chunk.js,1,83717
GET,/jdy-fi-rpt/{dbId}/scm/v1/bill/list,read_candidate,not_probed,,e,https://static.kdzwy.com/saas/vip1/accounting/static_production_20260915152836/js/30.fd554321.chunk.js,1,12239
GET,/jdy-fi-rpt/{dbId}/scm/v1/check-balance/detail,read_candidate,not_probed,,e,https://static.kdzwy.com/saas/vip1/accounting/static_production_20260915152836/js/main.606e9379.chunk.js,1,23137
GET,/jdy-fi-rpt/{dbId}/scm/v1/check-balance/summary,read_candidate,not_probed,,e,https://static.kdzwy.com/saas/vip1/accounting/static_production_20260915152836/js/main.606e9379.chunk.js,1,23045
GET,/jdy-fi-rpt/{dbId}/user/v1/acct-attachment/list,read_candidate,not_probed,,e,https://static.kdzwy.com/saas/vip1/accounting/static_production_20260915152836/js/main.606e9379.chunk.js,1,599063
GET,/jdy-fi-rpt/{dbId}/v1/bank-statement/template,read_candidate,not_probed,,e,https://vip4-kj.kdzwy.com/home/static/js/app.0833bc2f.js,1,1195125
GET,/jdy-fi-rpt/{dbId}/v1/common/report/formula,read_candidate,not_probed,,c,https://static.kdzwy.com/saas/vip1/accounting/static_production_20260915152836/js/44.f0353c7e.chunk.js,1,30477
GET,/jdy-fi-rpt/{dbId}/v1/common/report/query,read_candidate,not_probed,,n,https://static.kdzwy.com/saas/vip1/accounting/static_production_20260915152836/js/31.9fd53a13.chunk.js,1,27595
GET,/jdy-fi-rpt/{dbId}/v1/common/report/ud/query,read_candidate,not_probed,,n,https://static.kdzwy.com/saas/vip1/accounting/static_production_20260915152836/js/62.0348e0bb.chunk.js,1,4429
GET,/jdy-fi-rpt/{dbId}/v1/common/store/credential,read_candidate,not_probed,,"{storeType:""COS"",module:""PAY_IMPORT"",bucketName:""""}",https://static.kdzwy.com/saas/vip1/accounting/static_production_20260915152836/js/5.73067b31.chunk.js,1,16562
GET,/jdy-fi-rpt/{dbId}/v1/define-report/query,read_candidate,not_probed,,e,https://static.kdzwy.com/saas/vip1/accounting/static_production_20260915152836/js/33.656a401f.chunk.js,1,733
GET,/jdy-fi-rpt/{dbId}/v1/index/cusInfo,read_candidate,not_probed,,,https://static.kdzwy.com/saas/vip1/accounting/static_production_20260915152836/js/main.606e9379.chunk.js,1,83791
GET,/jdy-fi-rpt/{dbId}/v1/invoice/printSampleNote,read_candidate,not_probed,,e,https://static.kdzwy.com/saas/vip1/accounting/static_production_20260915152836/js/main.606e9379.chunk.js,1,544413
GET,/jdy-fi-rpt/{dbId}/v1/invoice/printSampleNoteCos,read_candidate,not_probed,,e,https://static.kdzwy.com/saas/vip1/accounting/static_production_20260915152836/js/main.606e9379.chunk.js,1,544504
GET,/jdy-fi-rpt/{dbId}/v1/item/export/repeat,read_candidate,not_probed,,t,https://static.kdzwy.com/saas/vip1/accounting/static_production_20260915152836/js/28.ddec54f9.chunk.js,1,22599
GET,/jdy-fi-rpt/{dbId}/v1/item/scm/information/check,read_candidate,not_probed,,e,https://static.kdzwy.com/saas/vip1/accounting/static_production_20260915152836/js/22.31ba7e7e.chunk.js,1,16184
GET,/jdy-fi-rpt/{dbId}/v1/item/scm/information/list,read_candidate,not_probed,,e,https://static.kdzwy.com/saas/vip1/accounting/static_production_20260915152836/js/28.ddec54f9.chunk.js,1,2901
GET,/jdy-fi-rpt/{dbId}/v1/journal/bankList,read_candidate,not_probed,,e,https://vip4-kj.kdzwy.com/home/static/js/app.0833bc2f.js,1,1197361
GET,/jdy-fi-rpt/{dbId}/v1/journal/print2-precheck,read_candidate,not_probed,,e,https://vip4-kj.kdzwy.com/home/static/js/app.0833bc2f.js,1,1217177
GET,/jdy-fi-rpt/{dbId}/v1/journal/template,read_candidate,not_probed,,e,https://vip4-kj.kdzwy.com/home/static/js/app.0833bc2f.js,1,1194754
GET,/jdy-fi-rpt/{dbId}/v1/qtyDetailAccount/isNewPurchase ,read_candidate,not_probed,,e,https://static.kdzwy.com/saas/vip1/accounting/static_production_20260915152836/js/36.8c16b134.chunk.js,1,33611
GET,/jdy-fi-rpt/{dbId}/v1/tax-report/formula,read_candidate,not_probed,,l,https://static.kdzwy.com/saas/vip1/accounting/static_production_20260915152836/js/43.c48ed256.chunk.js,1,49386
GET,/jdy-fi-rpt/{dbId}/v1/tax-report/query,read_candidate,not_probed,,a,https://static.kdzwy.com/saas/vip1/accounting/static_production_20260915152836/js/43.c48ed256.chunk.js,1,8163
GET,/jdy-fi-rpt/{dbId}/v1/tax-report/setting,read_candidate,not_probed,,t,https://static.kdzwy.com/saas/vip1/accounting/static_production_20260915152836/js/43.c48ed256.chunk.js,1,71254
GET,/jdy-fi-rpt/{dbId}/v1/ws/getConnectionToken,read_candidate,not_probed,,,https://static.kdzwy.com/saas/vip1/accounting/static_production_20260915152836/js/main.606e9379.chunk.js,1,82952
GET,/jdy-fi-tp/{dbId}/ai/v1/review-status,read_candidate,verified_business_success,,{yearPeriod:e},https://static.kdzwy.com/saas/vip1/accounting/static_production_20260915152836/js/main.606e9379.chunk.js,1,2469126
GET,/jdy-fi-tp/{dbId}/ca/v1/journal/split/opp-accounts,read_candidate,not_probed,,e,https://vip4-kj.kdzwy.com/home/static/js/app.0833bc2f.js,1,1199290
GET,/jdy-fi-tp/{dbId}/ca/v1/uk/{e.bankName}/check-acct,read_candidate,not_probed,,,https://vip4-kj.kdzwy.com/home/static/js/app.0833bc2f.js,1,1198819
GET,/jdy-fi-tp/{dbId}/ca/v1/uk/{e.bankName}/check-record,read_candidate,not_probed,,,https://vip4-kj.kdzwy.com/home/static/js/app.0833bc2f.js,1,1197923
GET,/jdy-fi-tp/{dbId}/ca/v1/uk/{e.bankName}/check-sign?cardNo={e.cardNo},read_candidate,not_probed,cardNo,,https://vip4-kj.kdzwy.com/home/static/js/app.0833bc2f.js,1,1198142
GET,/jdy-fi-tp/{dbId}/ca/v1/uk/{e.bankName}/contact-dict,read_candidate,not_probed,,,https://vip4-kj.kdzwy.com/home/static/js/app.0833bc2f.js,1,1198605
GET,/jdy-fi-tp/{dbId}/follow/getFollowType,read_candidate,not_probed,,e,https://static.kdzwy.com/saas/vip1/accounting/static_production_20260915152836/js/main.606e9379.chunk.js,1,305850
GET,/jdy-fi-tp/{dbId}/follow/getFollowUpList,read_candidate,not_probed,,e,https://static.kdzwy.com/saas/vip1/accounting/static_production_20260915152836/js/main.606e9379.chunk.js,1,305933
GET,/jdy-fi-tp/{dbId}/follow/getTodoNumber,read_candidate,not_probed,,e,https://static.kdzwy.com/saas/vip1/accounting/static_production_20260915152836/js/main.606e9379.chunk.js,1,306188
GET,/jdy-fi-tp/{dbId}/follow/getTodoOperateList,read_candidate,not_probed,,e,https://static.kdzwy.com/saas/vip1/accounting/static_production_20260915152836/js/main.606e9379.chunk.js,1,306100
GET,/jdy-fi-tp/{dbId}/follow/kJFactory/isCorpFileBeta,read_candidate,verified_business_success,,e,https://static.kdzwy.com/saas/vip1/accounting/static_production_20260915152836/js/main.606e9379.chunk.js,1,306271
GET,/jdy-fi-tp/{dbId}/gl/v1/period-end/item/{e},read_candidate,not_probed,,,https://static.kdzwy.com/saas/vip1/accounting/static_production_20260915152836/js/3.e78dde9a.chunk.js,1,3560
GET,/jdy-fi-tp/{dbId}/gl/v1/period-end/item/{t},read_candidate,not_probed,,,https://static.kdzwy.com/saas/vip1/accounting/static_production_20260915152836/js/75.4d472ee2.chunk.js,1,11484
GET,/jdy-fi-tp/{dbId}/gl/v1/period-end/vchCountCheck,read_candidate,not_probed,,e,https://static.kdzwy.com/saas/vip1/accounting/static_production_20260915152836/js/3.e78dde9a.chunk.js,1,6434
GET,/jdy-fi-tp/{dbId}/gl/v1/vch-arrange-type-sort/list,read_candidate,not_probed,,,https://static.kdzwy.com/saas/vip1/accounting/static_production_20260915152836/js/27.e640e1d4.chunk.js,1,16596
GET,/jdy-fi-tp/{dbId}/vat/v1/invoice-stampItems,read_candidate,verified_business_success,,e,https://static.kdzwy.com/saas/vip1/accounting/static_production_20260915152836/js/main.606e9379.chunk.js,1,545104
GET,/jdy-fi/spread/v1/policy,read_candidate,not_probed,,e,https://vip4-kj.kdzwy.com/home/static/js/app.0833bc2f.js,1,1224830
GET,/jdy-fi/spread/v1/policy/{e.urlMd5},read_candidate,not_probed,,e,https://vip4-kj.kdzwy.com/home/static/js/app.0833bc2f.js,1,1224894
GET,/jdy-fi/spread/v1/tax-calendar,read_candidate,not_probed,,e,https://vip4-kj.kdzwy.com/home/static/js/app.0833bc2f.js,1,1224760
GET,/jdy-fi/{dbId}/ai/v1/ai-match/beta,read_candidate,verified_business_success,,,https://static.kdzwy.com/saas/vip1/accounting/static_production_20260915152836/js/main.606e9379.chunk.js,1,84030
GET,/jdy-fi/{dbId}/att/v1/directory,read_candidate,not_probed,,e,https://static.kdzwy.com/saas/vip1/accounting/static_production_20260915152836/js/main.606e9379.chunk.js,1,1191162
GET,/jdy-fi/{dbId}/att/v1/file,read_candidate,not_probed,,e,https://static.kdzwy.com/saas/vip1/accounting/static_production_20260915152836/js/main.606e9379.chunk.js,1,1191653
GET,/jdy-fi/{dbId}/att/v1/file/min-period,read_candidate,not_probed,,,https://static.kdzwy.com/saas/vip1/accounting/static_production_20260915152836/js/main.606e9379.chunk.js,1,1193300
GET,/jdy-fi/{dbId}/att/v1/file/simple-list,read_candidate,not_probed,,e,https://static.kdzwy.com/saas/vip1/accounting/static_production_20260915152836/js/main.606e9379.chunk.js,1,615253
GET,/jdy-fi/{dbId}/att/v1/file/space,read_candidate,not_probed,,,https://static.kdzwy.com/saas/vip1/accounting/static_production_20260915152836/js/main.606e9379.chunk.js,1,1191723
GET,/jdy-fi/{dbId}/att/v1/file/structuredFileUrl,read_candidate,not_probed,,e,https://static.kdzwy.com/saas/vip1/accounting/static_production_20260915152836/js/main.606e9379.chunk.js,1,1193818
GET,/jdy-fi/{dbId}/att/v1/file/url,read_candidate,not_probed,,e,https://static.kdzwy.com/saas/vip1/accounting/static_production_20260915152836/js/main.606e9379.chunk.js,1,81937
GET,/jdy-fi/{dbId}/att/v1/file/url-list/{t},read_candidate,not_probed,,,https://static.kdzwy.com/saas/vip1/accounting/static_production_20260915152836/js/main.606e9379.chunk.js,1,614749
GET,/jdy-fi/{dbId}/att/v1/file/urls,read_candidate,not_probed,,e,https://static.kdzwy.com/saas/vip1/accounting/static_production_20260915152836/js/main.606e9379.chunk.js,1,615336
GET,/jdy-fi/{dbId}/att/v1/type,read_candidate,not_probed,,e,https://static.kdzwy.com/saas/vip1/accounting/static_production_20260915152836/js/main.606e9379.chunk.js,1,1190701
GET,/jdy-fi/{dbId}/att/v1/type/attr,read_candidate,not_probed,,,https://static.kdzwy.com/saas/vip1/accounting/static_production_20260915152836/js/main.606e9379.chunk.js,1,1190771
GET,/jdy-fi/{dbId}/att/v1/type/tree,read_candidate,not_probed,,,https://static.kdzwy.com/saas/vip1/accounting/static_production_20260915152836/js/main.606e9379.chunk.js,1,1193227
GET,/jdy-fi/{dbId}/att/v1/type/vch,read_candidate,not_probed,,,https://static.kdzwy.com/saas/vip1/accounting/static_production_20260915152836/js/main.606e9379.chunk.js,1,1190844
GET,/jdy-fi/{dbId}/att/v1/vch-file-tpl,read_candidate,not_probed,,"Object(a.a)(Object(a.a)({},e),{},{module:3,pageSize:1e3,page:1})",https://static.kdzwy.com/saas/vip1/accounting/static_production_20260915152836/js/main.606e9379.chunk.js,1,1192104
GET,/jdy-fi/{dbId}/botp/v1/voucher-generation/bill-type-tree,read_candidate,not_probed,,a,https://static.kdzwy.com/saas/vip1/accounting/static_production_20260915152836/js/30.fd554321.chunk.js,1,16991
GET,/jdy-fi/{dbId}/botp/v1/voucher-generation/timed-settings,read_candidate,not_probed,,e,https://static.kdzwy.com/saas/vip1/accounting/static_production_20260915152836/js/30.fd554321.chunk.js,1,38041
GET,/jdy-fi/{dbId}/botp/v1/voucher-rule/list,read_candidate,not_probed,,e,https://static.kdzwy.com/saas/vip1/accounting/static_production_20260915152836/js/30.fd554321.chunk.js,1,12319
GET,/jdy-fi/{dbId}/botp/v1/voucher-rule/metadata,read_candidate,not_probed,,r,https://static.kdzwy.com/saas/vip1/accounting/static_production_20260915152836/js/48.ba6c71e4.chunk.js,1,14138
GET,/jdy-fi/{dbId}/botp/v1/voucher-rule/{t.id},read_candidate,not_probed,,t,https://static.kdzwy.com/saas/vip1/accounting/static_production_20260915152836/js/48.ba6c71e4.chunk.js,1,15111
GET,/jdy-fi/{dbId}/bs/user/v1/acct-findCurrentEmp,read_candidate,not_probed,,e,https://static.kdzwy.com/saas/vip1/accounting/static_production_20260915152836/js/main.606e9379.chunk.js,1,561051
GET,/jdy-fi/{dbId}/bs/v1/account-class,read_candidate,verified_business_success,,,https://static.kdzwy.com/saas/vip1/accounting/static_production_20260915152836/js/main.606e9379.chunk.js,1,81418
GET,/jdy-fi/{dbId}/bs/v1/account/cashflow/list,read_candidate,not_probed,,L,https://static.kdzwy.com/saas/vip1/accounting/static_production_20260915152836/js/81.20cf12f7.chunk.js,1,17851
GET,/jdy-fi/{dbId}/bs/v1/account/check-dc,read_candidate,not_probed,,e,https://static.kdzwy.com/saas/vip1/accounting/static_production_20260915152836/js/main.606e9379.chunk.js,1,416444
GET,/jdy-fi/{dbId}/bs/v1/acct-manager/my-acct,read_candidate,not_probed,,e,https://static.kdzwy.com/saas/vip1/accounting/static_production_20260915152836/js/main.606e9379.chunk.js,1,83558
GET,/jdy-fi/{dbId}/bs/v1/acct-profile,read_candidate,not_probed,,,https://static.kdzwy.com/saas/vip1/accounting/static_production_20260915152836/js/main.606e9379.chunk.js,1,304433
GET,/jdy-fi/{dbId}/bs/v1/acct-profile/tax-burden,read_candidate,not_probed,,,https://static.kdzwy.com/saas/vip1/accounting/static_production_20260915152836/js/main.606e9379.chunk.js,1,304508
GET,/jdy-fi/{dbId}/bs/v1/assist,read_candidate,not_probed,,e,https://static.kdzwy.com/saas/vip1/accounting/static_production_20260915152836/js/main.606e9379.chunk.js,1,1191947
GET,/jdy-fi/{dbId}/bs/v1/basic-data/search-list,read_candidate,not_probed,,r,https://static.kdzwy.com/saas/vip1/accounting/static_production_20260915152836/js/30.fd554321.chunk.js,1,22343
GET,/jdy-fi/{dbId}/bs/v1/cash-flow,read_candidate,not_probed,,t,https://static.kdzwy.com/saas/vip1/accounting/static_production_20260915152836/js/96.acbebc8d.chunk.js,1,1206
GET,/jdy-fi/{dbId}/bs/v1/cash-flow/check-item,read_candidate,not_probed,,t,https://static.kdzwy.com/saas/vip1/accounting/static_production_20260915152836/js/96.acbebc8d.chunk.js,1,7347
GET,/jdy-fi/{dbId}/bs/v1/currency,read_candidate,verified_business_success,,,https://static.kdzwy.com/saas/vip1/accounting/static_production_20260915152836/js/main.606e9379.chunk.js,1,415580
GET,/jdy-fi/{dbId}/bs/v1/currency/detail,read_candidate,not_probed,,e,https://static.kdzwy.com/saas/vip1/accounting/static_production_20260915152836/js/97.01e0f30a.chunk.js,1,532
GET,/jdy-fi/{dbId}/bs/v1/deductions,read_candidate,not_probed,,e,https://static.kdzwy.com/saas/vip1/accounting/static_production_20260915152836/js/main.606e9379.chunk.js,1,947703
GET,/jdy-fi/{dbId}/bs/v1/dept,read_candidate,verified_business_success,,e,https://static.kdzwy.com/saas/vip1/accounting/static_production_20260915152836/js/main.606e9379.chunk.js,1,946120
GET,/jdy-fi/{dbId}/bs/v1/employee,read_candidate,verified_business_success,,e,https://static.kdzwy.com/saas/vip1/accounting/static_production_20260915152836/js/main.606e9379.chunk.js,1,946662
GET,/jdy-fi/{dbId}/bs/v1/employee-info,read_candidate,not_probed,,e,https://static.kdzwy.com/saas/vip1/accounting/static_production_20260915152836/js/main.606e9379.chunk.js,1,946736
GET,/jdy-fi/{dbId}/bs/v1/employee-payInfo,read_candidate,not_probed,,e,https://static.kdzwy.com/saas/vip1/accounting/static_production_20260915152836/js/main.606e9379.chunk.js,1,949630
GET,/jdy-fi/{dbId}/bs/v1/employee-socialInfo,read_candidate,not_probed,,e,https://static.kdzwy.com/saas/vip1/accounting/static_production_20260915152836/js/main.606e9379.chunk.js,1,949545
GET,/jdy-fi/{dbId}/bs/v1/fiscal/gen-url,read_candidate,not_probed,,t,https://static.kdzwy.com/saas/vip1/accounting/static_production_20260915152836/js/117.5f89fbb8.chunk.js,1,1651
GET,/jdy-fi/{dbId}/bs/v1/fiscal/list,read_candidate,not_probed,,,https://static.kdzwy.com/saas/vip1/accounting/static_production_20260915152836/js/117.5f89fbb8.chunk.js,1,2602
GET,/jdy-fi/{dbId}/bs/v1/guide-setting/clear?scope=0,read_candidate,not_probed,scope,,https://static.kdzwy.com/saas/vip1/accounting/static_production_20260915152836/js/69.7a038c11.chunk.js,1,11616
GET,/jdy-fi/{dbId}/bs/v1/guide-setting/list,read_candidate,verified_business_success,,e,https://static.kdzwy.com/saas/vip1/accounting/static_production_20260915152836/js/main.606e9379.chunk.js,1,73376
GET,/jdy-fi/{dbId}/bs/v1/social,read_candidate,not_probed,,e,https://static.kdzwy.com/saas/vip1/accounting/static_production_20260915152836/js/main.606e9379.chunk.js,1,947403
GET,/jdy-fi/{dbId}/bs/v1/sp/AI_RECOGNIZE_BUSINESS_TYPE,read_candidate,not_probed,,e,https://vip4-kj.kdzwy.com/home/static/js/app.0833bc2f.js,1,1228967
GET,/jdy-fi/{dbId}/bs/v1/sp/runtime,read_candidate,verified_business_success,,e,https://static.kdzwy.com/saas/vip1/accounting/static_production_20260915152836/js/main.606e9379.chunk.js,1,71772
GET,/jdy-fi/{dbId}/bs/v1/sp/tax,read_candidate,not_probed,,e,https://static.kdzwy.com/saas/vip1/accounting/static_production_20260915152836/js/main.606e9379.chunk.js,1,80163
GET,/jdy-fi/{dbId}/bs/v1/sp/{e.key},read_candidate,not_probed,,e,https://static.kdzwy.com/saas/vip1/accounting/static_production_20260915152836/js/main.606e9379.chunk.js,1,75077
GET,/jdy-fi/{dbId}/bs/v1/sp/{t.key},read_candidate,not_probed,,t,https://static.kdzwy.com/saas/vip1/accounting/static_production_20260915152836/js/12.79f7d856.chunk.js,1,12106
GET,/jdy-fi/{dbId}/bs/v1/user-setting,read_candidate,not_probed,,e,https://static.kdzwy.com/saas/vip1/accounting/static_production_20260915152836/js/main.606e9379.chunk.js,1,74745
GET,/jdy-fi/{dbId}/bs/v1/user-setting-bigvalue,read_candidate,not_probed,,e,https://static.kdzwy.com/saas/vip1/accounting/static_production_20260915152836/js/main.606e9379.chunk.js,1,74823
GET,/jdy-fi/{dbId}/bs/v1/user-setting/user,read_candidate,verified_business_success,,e,https://static.kdzwy.com/saas/vip1/accounting/static_production_20260915152836/js/main.606e9379.chunk.js,1,1193553
GET,/jdy-fi/{dbId}/bs/v1/user-setting/user?key={e},read_candidate,verified_business_success,key,,https://static.kdzwy.com/saas/vip1/accounting/static_production_20260915152836/js/main.606e9379.chunk.js,1,81237
GET,/jdy-fi/{dbId}/bs/v1/user-setting/user?key={t},read_candidate,verified_business_success,key,,https://static.kdzwy.com/saas/vip1/accounting/static_production_20260915152836/js/main.606e9379.chunk.js,1,303018
GET,/jdy-fi/{dbId}/bs/v1/vch-group,read_candidate,verified_business_success,,e,https://static.kdzwy.com/saas/vip1/accounting/static_production_20260915152836/js/main.606e9379.chunk.js,1,541474
GET,/jdy-fi/{dbId}/bx/v1/bill/from-voucher/{e.id},read_candidate,not_probed,,e,https://static.kdzwy.com/saas/vip1/accounting/static_production_20260915152836/js/107.32857490.chunk.js,1,250
GET,/jdy-fi/{dbId}/bx/v1/bill/list,read_candidate,not_probed,,e,https://static.kdzwy.com/saas/vip1/accounting/static_production_20260915152836/js/30.fd554321.chunk.js,1,12164
GET,/jdy-fi/{dbId}/bx/v1/bill/{n.id},read_candidate,not_probed,,n,https://static.kdzwy.com/saas/vip1/accounting/static_production_20260915152836/js/106.1026ea6c.chunk.js,1,1338
GET,/jdy-fi/{dbId}/bx/v1/voucher-generation/settings,read_candidate,not_probed,,e,https://static.kdzwy.com/saas/vip1/accounting/static_production_20260915152836/js/30.fd554321.chunk.js,1,12404
GET,/jdy-fi/{dbId}/ca/v1/bank-receipt/getBankReceiptBankList,read_candidate,not_probed,,,https://vip4-kj.kdzwy.com/home/static/js/app.0833bc2f.js,1,1196842
GET,/jdy-fi/{dbId}/ca/v1/bank-receipt/getBankReceiptBillList,read_candidate,not_probed,,e,https://static.kdzwy.com/saas/vip1/accounting/static_production_20260915152836/js/main.606e9379.chunk.js,1,84631
GET,/jdy-fi/{dbId}/ca/v1/bank-receipt/getBankReceiptTaskList,read_candidate,not_probed,,e,https://vip4-kj.kdzwy.com/home/static/js/app.0833bc2f.js,1,1197151
GET,/jdy-fi/{dbId}/ca/v1/bank-receipt/getSignZWYAIStatus,read_candidate,not_probed,,e,https://vip4-kj.kdzwy.com/home/static/js/app.0833bc2f.js,1,1196945
GET,/jdy-fi/{dbId}/ca/v1/bank-statement,read_candidate,not_probed,,e,https://vip4-kj.kdzwy.com/home/static/js/app.0833bc2f.js,1,1193104
GET,/jdy-fi/{dbId}/ca/v1/bank-statement/end-balance,read_candidate,not_probed,,e,https://vip4-kj.kdzwy.com/home/static/js/app.0833bc2f.js,1,1192533
GET,/jdy-fi/{dbId}/ca/v1/bank-statement/init-period,read_candidate,not_probed,,e,https://vip4-kj.kdzwy.com/home/static/js/app.0833bc2f.js,1,1193555
GET,/jdy-fi/{dbId}/ca/v1/bank-statement/match-setting,read_candidate,not_probed,,e,https://vip4-kj.kdzwy.com/home/static/js/app.0833bc2f.js,1,1192716
GET,/jdy-fi/{dbId}/ca/v1/bank-statement/matched,read_candidate,not_probed,,e,https://vip4-kj.kdzwy.com/home/static/js/app.0833bc2f.js,1,1192347
GET,/jdy-fi/{dbId}/ca/v1/bank-statement/not-matched,read_candidate,not_probed,,e,https://vip4-kj.kdzwy.com/home/static/js/app.0833bc2f.js,1,1192252
GET,/jdy-fi/{dbId}/ca/v1/business-rule,read_candidate,not_probed,,e,https://static.kdzwy.com/saas/vip1/accounting/static_production_20260915152836/js/main.606e9379.chunk.js,1,747144
GET,/jdy-fi/{dbId}/ca/v1/cashier-account,read_candidate,verified_business_success,,e,https://static.kdzwy.com/saas/vip1/accounting/static_production_20260915152836/js/main.606e9379.chunk.js,1,604047
GET,/jdy-fi/{dbId}/ca/v1/cashier-account/detail/{e},read_candidate,not_probed,,,https://vip4-kj.kdzwy.com/home/static/js/app.0833bc2f.js,1,1195596
GET,/jdy-fi/{dbId}/ca/v1/cashier-account/opp-acct,read_candidate,not_probed,,e,https://vip4-kj.kdzwy.com/home/static/js/app.0833bc2f.js,1,1189431
GET,/jdy-fi/{dbId}/ca/v1/cashier-check,read_candidate,not_probed,,,https://vip4-kj.kdzwy.com/home/static/js/app.0833bc2f.js,1,1191412
GET,/jdy-fi/{dbId}/ca/v1/cashier-period,read_candidate,not_probed,,,https://vip4-kj.kdzwy.com/home/static/js/app.0833bc2f.js,1,1191164
GET,/jdy-fi/{dbId}/ca/v1/exp-type,read_candidate,not_probed,,t,https://static.kdzwy.com/saas/vip1/accounting/static_production_20260915152836/js/53.ed1fd509.chunk.js,1,26724
GET,/jdy-fi/{dbId}/ca/v1/journal/business/type/all,read_candidate,not_probed,,,https://static.kdzwy.com/saas/vip1/accounting/static_production_20260915152836/js/main.606e9379.chunk.js,1,747481
GET,/jdy-fi/{dbId}/ca/v1/journal/business/type/list,read_candidate,not_probed,,e,https://vip4-kj.kdzwy.com/home/static/js/app.0833bc2f.js,1,1190315
GET,/jdy-fi/{dbId}/ca/v1/journal/hasUnAccountJrnl,read_candidate,not_probed,,,https://vip4-kj.kdzwy.com/home/static/js/app.0833bc2f.js,1,1229066
GET,/jdy-fi/{dbId}/ca/v1/journal/not-matched,read_candidate,not_probed,,e,https://vip4-kj.kdzwy.com/home/static/js/app.0833bc2f.js,1,1192628
GET,/jdy-fi/{dbId}/ca/v1/journal/rpaStatus,read_candidate,not_probed,,u,https://vip4-kj.kdzwy.com/home/static/js/chunk-26cc668c.aa7b01ec.js,1,21199
GET,/jdy-fi/{dbId}/ca/v1/journal/taskStatus,read_candidate,not_probed,,e,https://vip4-kj.kdzwy.com/home/static/js/app.0833bc2f.js,1,1196162
GET,/jdy-fi/{dbId}/ca/v1/pay-account/relation,read_candidate,not_probed,,t,https://static.kdzwy.com/saas/vip1/accounting/static_production_20260915152836/js/53.ed1fd509.chunk.js,1,12407
GET,/jdy-fi/{dbId}/ca/v1/yqy/accounts-signed,read_candidate,not_probed,,e,https://vip4-kj.kdzwy.com/home/static/js/app.0833bc2f.js,1,1194665
GET,/jdy-fi/{dbId}/ca/v1/yqy/balance,read_candidate,not_probed,,e,https://vip4-kj.kdzwy.com/home/static/js/app.0833bc2f.js,1,1194005
GET,/jdy-fi/{dbId}/ca/v1/yqy/bank-bills,read_candidate,not_probed,,e,https://vip4-kj.kdzwy.com/home/static/js/app.0833bc2f.js,1,1193921
GET,/jdy-fi/{dbId}/ca/v1/yqy/bank-cert,read_candidate,not_probed,,e,https://vip4-kj.kdzwy.com/home/static/js/app.0833bc2f.js,1,1194503
GET,/jdy-fi/{dbId}/ca/v1/yqy/banks,read_candidate,not_probed,,e,https://vip4-kj.kdzwy.com/home/static/js/app.0833bc2f.js,1,1194586
GET,/jdy-fi/{dbId}/ca/v1/yqy/collectRecord,read_candidate,not_probed,,e,https://vip4-kj.kdzwy.com/home/static/js/app.0833bc2f.js,1,1200064
GET,/jdy-fi/{dbId}/ca/v1/yqy/getBankList?type=1,read_candidate,verified_business_success,type,,https://vip4-kj.kdzwy.com/home/static/js/chunk-26cc668c.aa7b01ec.js,1,18953
GET,/jdy-fi/{dbId}/ca/v1/yqy/getBankList?type=2,read_candidate,verified_business_success,type,,https://vip4-kj.kdzwy.com/home/static/js/chunk-94db2ec2.17ba2871.js,1,5551
GET,/jdy-fi/{dbId}/ca/v1/yqy/setting,read_candidate,not_probed,,e,https://vip4-kj.kdzwy.com/home/static/js/app.0833bc2f.js,1,1194422
GET,/jdy-fi/{dbId}/ca/v1/yqy/signed-bank-accounts,read_candidate,not_probed,,e,https://vip4-kj.kdzwy.com/home/static/js/app.0833bc2f.js,1,1194086
GET,/jdy-fi/{dbId}/ca/v1/yqy/signedAccounts,read_candidate,not_probed,,e,https://vip4-kj.kdzwy.com/home/static/js/app.0833bc2f.js,1,1191648
GET,/jdy-fi/{dbId}/fa/v1/card/default-account,read_candidate,not_probed,,,https://static.kdzwy.com/saas/vip1/accounting/static_production_20260915152836/js/12.79f7d856.chunk.js,1,12327
GET,/jdy-fi/{dbId}/fa/v1/card/depreciation,read_candidate,not_probed,,t,https://static.kdzwy.com/saas/vip1/accounting/static_production_20260915152836/js/12.79f7d856.chunk.js,1,12244
GET,/jdy-fi/{dbId}/fa/v1/card/detail,read_candidate,not_probed,,t,https://static.kdzwy.com/saas/vip1/accounting/static_production_20260915152836/js/12.79f7d856.chunk.js,1,12557
GET,/jdy-fi/{dbId}/fa/v1/card/nextNum,read_candidate,not_probed,,,https://static.kdzwy.com/saas/vip1/accounting/static_production_20260915152836/js/12.79f7d856.chunk.js,1,12481
GET,/jdy-fi/{dbId}/fa/v1/change-record,read_candidate,verified_business_success,,e,https://static.kdzwy.com/saas/vip1/accounting/static_production_20260915152836/js/105.4eacffe4.chunk.js,1,375
GET,/jdy-fi/{dbId}/fa/v1/depreciation/vch,read_candidate,not_probed,,,https://static.kdzwy.com/saas/vip1/accounting/static_production_20260915152836/js/91.642022d1.chunk.js,1,7986
GET,/jdy-fi/{dbId}/fa/v1/report/depreciation-detail,read_candidate,verified_business_success,,e,https://static.kdzwy.com/saas/vip1/accounting/static_production_20260915152836/js/99.31802f2a.chunk.js,1,8312
GET,/jdy-fi/{dbId}/fa/v1/report/depreciation-sum,read_candidate,verified_business_success,,e,https://static.kdzwy.com/saas/vip1/accounting/static_production_20260915152836/js/100.5916ea91.chunk.js,1,8256
GET,/jdy-fi/{dbId}/fa/v1/type,read_candidate,verified_business_success,,,https://static.kdzwy.com/saas/vip1/accounting/static_production_20260915152836/js/12.79f7d856.chunk.js,1,11584
GET,/jdy-fi/{dbId}/gl/v1/carry-forward-tax-certified/find-acct,read_candidate,not_probed,,e,https://static.kdzwy.com/saas/vip1/accounting/static_production_20260915152836/js/main.606e9379.chunk.js,1,544792
GET,/jdy-fi/{dbId}/gl/v1/carry-forward-tax-certified/query-info,read_candidate,not_probed,,e,https://static.kdzwy.com/saas/vip1/accounting/static_production_20260915152836/js/main.606e9379.chunk.js,1,544687
GET,/jdy-fi/{dbId}/gl/v1/current-account,read_candidate,not_probed,,e,https://static.kdzwy.com/saas/vip1/accounting/static_production_20260915152836/js/main.606e9379.chunk.js,1,543797
GET,/jdy-fi/{dbId}/gl/v1/finance-analyse/sys-param,read_candidate,not_probed,,e,https://static.kdzwy.com/saas/vip1/accounting/static_production_20260915152836/js/29.262e5625.chunk.js,1,24443
GET,/jdy-fi/{dbId}/gl/v1/finance-analyse/sys-param/findStaffList,read_candidate,not_probed,,e,https://static.kdzwy.com/saas/vip1/accounting/static_production_20260915152836/js/29.262e5625.chunk.js,1,38363
GET,/jdy-fi/{dbId}/gl/v1/finance/balance,read_candidate,verified_business_success,,n,https://static.kdzwy.com/saas/vip1/accounting/static_production_20260915152836/js/22.31ba7e7e.chunk.js,1,17467
GET,/jdy-fi/{dbId}/gl/v1/finance/balance-check,read_candidate,not_probed,,e,https://static.kdzwy.com/saas/vip1/accounting/static_production_20260915152836/js/22.31ba7e7e.chunk.js,1,16277
GET,/jdy-fi/{dbId}/gl/v1/finance/balance/scm-acct,read_candidate,not_probed,,e,https://static.kdzwy.com/saas/vip1/accounting/static_production_20260915152836/js/22.31ba7e7e.chunk.js,1,66824
GET,/jdy-fi/{dbId}/gl/v1/finance/balance/scm-preview,read_candidate,not_probed,,t,https://static.kdzwy.com/saas/vip1/accounting/static_production_20260915152836/js/22.31ba7e7e.chunk.js,1,41911
GET,/jdy-fi/{dbId}/gl/v1/goods-rule/matched-bill-goods,read_candidate,not_probed,,e,https://static.kdzwy.com/saas/vip1/accounting/static_production_20260915152836/js/3.e78dde9a.chunk.js,1,6829
GET,/jdy-fi/{dbId}/gl/v1/item,read_candidate,not_probed,,e,https://static.kdzwy.com/saas/vip1/accounting/static_production_20260915152836/js/main.606e9379.chunk.js,1,77762
GET,/jdy-fi/{dbId}/gl/v1/item/incl,read_candidate,not_probed,,e,https://static.kdzwy.com/saas/vip1/accounting/static_production_20260915152836/js/22.31ba7e7e.chunk.js,1,27377
GET,/jdy-fi/{dbId}/gl/v1/item/nextNum,read_candidate,not_probed,,e,https://static.kdzwy.com/saas/vip1/accounting/static_production_20260915152836/js/main.606e9379.chunk.js,1,416597
GET,/jdy-fi/{dbId}/gl/v1/item/page,read_candidate,verified_business_success,,e,https://static.kdzwy.com/saas/vip1/accounting/static_production_20260915152836/js/main.606e9379.chunk.js,1,77370
GET,/jdy-fi/{dbId}/gl/v1/itemClass,read_candidate,verified_business_success,,e,https://static.kdzwy.com/saas/vip1/accounting/static_production_20260915152836/js/main.606e9379.chunk.js,1,79317
GET,/jdy-fi/{dbId}/gl/v1/period-end-checkitem/list,read_candidate,not_probed,,,https://static.kdzwy.com/saas/vip1/accounting/static_production_20260915152836/js/3.e78dde9a.chunk.js,1,3919
GET,/jdy-fi/{dbId}/gl/v1/period-end-evidbus/income-tax/gen-vch-detail,read_candidate,not_probed,,e,https://static.kdzwy.com/saas/vip1/accounting/static_production_20260915152836/js/3.e78dde9a.chunk.js,1,7642
GET,/jdy-fi/{dbId}/gl/v1/period-end-evidbus/provision-salary-info,read_candidate,not_probed,,e,https://static.kdzwy.com/saas/vip1/accounting/static_production_20260915152836/js/3.e78dde9a.chunk.js,1,5513
GET,/jdy-fi/{dbId}/gl/v1/period-end-evidbus/{e.id}/tax-amount,read_candidate,not_probed,,e,https://static.kdzwy.com/saas/vip1/accounting/static_production_20260915152836/js/3.e78dde9a.chunk.js,1,7427
GET,/jdy-fi/{dbId}/gl/v1/period-end-evidbus/{e},read_candidate,not_probed,,,https://static.kdzwy.com/saas/vip1/accounting/static_production_20260915152836/js/3.e78dde9a.chunk.js,1,3467
GET,/jdy-fi/{dbId}/gl/v1/period-end-evidbus/{t.id}/tax-amount,read_candidate,not_probed,,t,https://static.kdzwy.com/saas/vip1/accounting/static_production_20260915152836/js/75.4d472ee2.chunk.js,1,15351
GET,/jdy-fi/{dbId}/gl/v1/period-end-evidbus/{t},read_candidate,not_probed,,,https://static.kdzwy.com/saas/vip1/accounting/static_production_20260915152836/js/75.4d472ee2.chunk.js,1,11391
GET,/jdy-fi/{dbId}/gl/v1/period-end/invoice-goods-bill-stats,read_candidate,not_probed,,e,https://static.kdzwy.com/saas/vip1/accounting/static_production_20260915152836/js/3.e78dde9a.chunk.js,1,6527
GET,/jdy-fi/{dbId}/gl/v1/period-end/pl-trans-cal,read_candidate,not_probed,,,https://static.kdzwy.com/saas/vip1/accounting/static_production_20260915152836/js/3.e78dde9a.chunk.js,1,4649
GET,/jdy-fi/{dbId}/gl/v1/period-end/pro-material-req,read_candidate,not_probed,,e,https://static.kdzwy.com/saas/vip1/accounting/static_production_20260915152836/js/3.e78dde9a.chunk.js,1,4736
GET,/jdy-fi/{dbId}/gl/v1/period-end/pro-material-req/carry-data,read_candidate,not_probed,,e,https://static.kdzwy.com/saas/vip1/accounting/static_production_20260915152836/js/3.e78dde9a.chunk.js,1,5220
GET,/jdy-fi/{dbId}/gl/v1/period-end/pro-material-req/sys-param,read_candidate,not_probed,,,https://static.kdzwy.com/saas/vip1/accounting/static_production_20260915152836/js/3.e78dde9a.chunk.js,1,4828
GET,/jdy-fi/{dbId}/gl/v1/period-end/trans-pl-budget/pl-account-id,read_candidate,not_probed,,,https://static.kdzwy.com/saas/vip1/accounting/static_production_20260915152836/js/3.e78dde9a.chunk.js,1,3264
GET,/jdy-fi/{dbId}/gl/v1/period-end/trans-pl/pl-account-id,read_candidate,not_probed,,,https://static.kdzwy.com/saas/vip1/accounting/static_production_20260915152836/js/3.e78dde9a.chunk.js,1,3168
GET,/jdy-fi/{dbId}/gl/v1/period-end/trans-product-cost,read_candidate,not_probed,,e,https://static.kdzwy.com/saas/vip1/accounting/static_production_20260915152836/js/3.e78dde9a.chunk.js,1,5722
GET,/jdy-fi/{dbId}/gl/v1/period-end/trans-product-cost/acct-info,read_candidate,not_probed,,e,https://static.kdzwy.com/saas/vip1/accounting/static_production_20260915152836/js/3.e78dde9a.chunk.js,1,6123
GET,/jdy-fi/{dbId}/gl/v1/period-end/trans-product-cost/page,read_candidate,not_probed,,e,https://static.kdzwy.com/saas/vip1/accounting/static_production_20260915152836/js/3.e78dde9a.chunk.js,1,6228
GET,/jdy-fi/{dbId}/gl/v1/period-end/trans-product-cost/setting,read_candidate,not_probed,,e,https://static.kdzwy.com/saas/vip1/accounting/static_production_20260915152836/js/3.e78dde9a.chunk.js,1,5619
GET,/jdy-fi/{dbId}/gl/v1/period-end/trans-product-cost/sys-param,read_candidate,not_probed,,,https://static.kdzwy.com/saas/vip1/accounting/static_production_20260915152836/js/3.e78dde9a.chunk.js,1,5816
GET,/jdy-fi/{dbId}/gl/v1/period-end/trans-sale-cost,read_candidate,not_probed,,e,https://static.kdzwy.com/saas/vip1/accounting/static_production_20260915152836/js/3.e78dde9a.chunk.js,1,2708
GET,/jdy-fi/{dbId}/gl/v1/period-end/trans-sale-cost/carry-data,read_candidate,not_probed,,e,https://static.kdzwy.com/saas/vip1/accounting/static_production_20260915152836/js/3.e78dde9a.chunk.js,1,5324
GET,/jdy-fi/{dbId}/gl/v1/period-end/trans-sale-cost/sys-param,read_candidate,not_probed,,,https://static.kdzwy.com/saas/vip1/accounting/static_production_20260915152836/js/3.e78dde9a.chunk.js,1,2977
GET,/jdy-fi/{dbId}/gl/v1/period-end/trans-sale-cost/trans-param,read_candidate,not_probed,,,https://static.kdzwy.com/saas/vip1/accounting/static_production_20260915152836/js/3.e78dde9a.chunk.js,1,7539
GET,/jdy-fi/{dbId}/gl/v1/period-end/write-off,read_candidate,not_probed,,e,https://static.kdzwy.com/saas/vip1/accounting/static_production_20260915152836/js/3.e78dde9a.chunk.js,1,5427
GET,/jdy-fi/{dbId}/gl/v1/recent-vouchers,read_candidate,verified_business_success,,e,https://static.kdzwy.com/saas/vip1/accounting/static_production_20260915152836/js/main.606e9379.chunk.js,1,304743
GET,/jdy-fi/{dbId}/gl/v1/voucher-period,read_candidate,not_probed,,e,https://vip4-kj.kdzwy.com/home/static/js/app.0833bc2f.js,1,1190781
GET,/jdy-fi/{dbId}/gl/v1/voucher/analysis-vch,read_candidate,not_probed,,e,https://static.kdzwy.com/saas/vip1/accounting/static_production_20260915152836/js/27.e640e1d4.chunk.js,1,15493
GET,/jdy-fi/{dbId}/gl/v1/voucher/arrange-ok,read_candidate,not_probed,,e,https://static.kdzwy.com/saas/vip1/accounting/static_production_20260915152836/js/27.e640e1d4.chunk.js,1,15579
GET,/jdy-fi/{dbId}/gl/v1/voucher/check-vch,read_candidate,not_probed,,e,https://static.kdzwy.com/saas/vip1/accounting/static_production_20260915152836/js/27.e640e1d4.chunk.js,1,15325
GET,/jdy-fi/{dbId}/gl/v1/voucher/find-last-page,read_candidate,not_probed,,e,https://static.kdzwy.com/saas/vip1/accounting/static_production_20260915152836/js/main.606e9379.chunk.js,1,264716
GET,/jdy-fi/{dbId}/gl/v1/voucher/find-to-page,read_candidate,not_probed,,e,https://static.kdzwy.com/saas/vip1/accounting/static_production_20260915152836/js/main.606e9379.chunk.js,1,264804
GET,/jdy-fi/{dbId}/gl/v1/voucher/find-vchId,read_candidate,not_probed,,e,https://static.kdzwy.com/saas/vip1/accounting/static_production_20260915152836/js/main.606e9379.chunk.js,1,263762
GET,/jdy-fi/{dbId}/gl/v1/voucher/list,read_candidate,verified_business_success,,e,https://static.kdzwy.com/saas/vip1/accounting/static_production_20260915152836/js/27.e640e1d4.chunk.js,1,14822
GET,/jdy-fi/{dbId}/gl/v1/voucher/list-snap-shot,read_candidate,not_probed,,e,https://static.kdzwy.com/saas/vip1/accounting/static_production_20260915152836/js/main.606e9379.chunk.js,1,264447
GET,/jdy-fi/{dbId}/gl/v1/voucher/reverse-voucher/{e.voucherId},read_candidate,not_probed,,{},https://static.kdzwy.com/saas/vip1/accounting/static_production_20260915152836/js/main.606e9379.chunk.js,1,263955
GET,/jdy-fi/{dbId}/gl/v1/voucher/simple-list,read_candidate,not_probed,,e,https://static.kdzwy.com/saas/vip1/accounting/static_production_20260915152836/js/main.606e9379.chunk.js,1,1192019
GET,/jdy-fi/{dbId}/gl/v1/voucher/snap/{e.id},read_candidate,not_probed,,{},https://static.kdzwy.com/saas/vip1/accounting/static_production_20260915152836/js/main.606e9379.chunk.js,1,264536
GET,/jdy-fi/{dbId}/gl/v1/voucher/{e.vchId},read_candidate,not_probed,,,https://static.kdzwy.com/saas/vip1/accounting/static_production_20260915152836/js/main.606e9379.chunk.js,1,261895
GET,/jdy-fi/{dbId}/gl/v1/voucherTotal/list,read_candidate,verified_business_success,,n,https://static.kdzwy.com/saas/vip1/accounting/static_production_20260915152836/js/61.20412f05.chunk.js,1,15812
GET,/jdy-fi/{dbId}/gl/v1/voucherTpl/{e.id},read_candidate,not_probed,,,https://static.kdzwy.com/saas/vip1/accounting/static_production_20260915152836/js/main.606e9379.chunk.js,1,262826
GET,/jdy-fi/{dbId}/index/v1/arap,read_candidate,not_probed,,"{params:{period:e,type:1,periodParam:t},disableFrontErrorMsg:!0}",https://static.kdzwy.com/saas/vip1/accounting/static_production_20260915152836/js/main.606e9379.chunk.js,1,2225616
GET,/jdy-fi/{dbId}/index/v1/available-funds,read_candidate,not_probed,,"{params:{periodFrom:e,periodTo:t,periodParam:n},disableFrontErrorMsg:!0}",https://static.kdzwy.com/saas/vip1/accounting/static_production_20260915152836/js/main.606e9379.chunk.js,1,2162767
GET,/jdy-fi/{dbId}/index/v1/beginningGuide,read_candidate,not_probed,,,https://static.kdzwy.com/saas/vip1/accounting/static_production_20260915152836/js/main.606e9379.chunk.js,1,303258
GET,/jdy-fi/{dbId}/index/v1/fee,read_candidate,not_probed,,"{params:{periodFrom:e,periodTo:t,periodParam:n},disableFrontErrorMsg:!0}",https://static.kdzwy.com/saas/vip1/accounting/static_production_20260915152836/js/main.606e9379.chunk.js,1,2184742
GET,/jdy-fi/{dbId}/index/v1/fund-balance,read_candidate,not_probed,,"{params:{periodFrom:e,periodTo:t,periodParam:n},disableFrontErrorMsg:!0}",https://static.kdzwy.com/saas/vip1/accounting/static_production_20260915152836/js/main.606e9379.chunk.js,1,2155977
GET,/jdy-fi/{dbId}/index/v1/income-cost,read_candidate,not_probed,,"{params:{periodFrom:e,periodTo:t,periodParam:n},disableFrontErrorMsg:!0}",https://static.kdzwy.com/saas/vip1/accounting/static_production_20260915152836/js/main.606e9379.chunk.js,1,2176527
GET,/jdy-fi/{dbId}/index/v1/income-forecast,read_candidate,not_probed,,"{params:{periodFrom:e,periodTo:t,periodParam:n},disableFrontErrorMsg:!0}",https://static.kdzwy.com/saas/vip1/accounting/static_production_20260915152836/js/main.606e9379.chunk.js,1,2232325
GET,/jdy-fi/{dbId}/index/v1/income-tax-forecast,read_candidate,not_probed,,"{params:{periodFrom:e,periodTo:t,periodParam:n},disableFrontErrorMsg:!0}",https://static.kdzwy.com/saas/vip1/accounting/static_production_20260915152836/js/main.606e9379.chunk.js,1,2237413
GET,/jdy-fi/{dbId}/index/v1/invoice,read_candidate,not_probed,,"{params:{periodFrom:s,periodTo:s,periodParam:s},disableFrontErrorMsg:!0}",https://static.kdzwy.com/saas/vip1/accounting/static_production_20260915152836/js/main.606e9379.chunk.js,1,2197115
GET,/jdy-fi/{dbId}/index/v1/net-profit,read_candidate,not_probed,,"{params:{periodFrom:e,periodTo:t,periodParam:n},disableFrontErrorMsg:!0}",https://static.kdzwy.com/saas/vip1/accounting/static_production_20260915152836/js/main.606e9379.chunk.js,1,2170968
GET,/jdy-fi/{dbId}/index/v1/upgrade,read_candidate,verified_business_success,,,https://static.kdzwy.com/saas/vip1/accounting/static_production_20260915152836/js/main.606e9379.chunk.js,1,83869
GET,/jdy-fi/{dbId}/pay/v1/findSalaryKind,read_candidate,not_probed,,e,https://static.kdzwy.com/saas/vip1/accounting/static_production_20260915152836/js/main.606e9379.chunk.js,1,950288
GET,/jdy-fi/{dbId}/pay/v1/findTempVch/{e.id},read_candidate,not_probed,,,https://static.kdzwy.com/saas/vip1/accounting/static_production_20260915152836/js/main.606e9379.chunk.js,1,950715
GET,/jdy-fi/{dbId}/pay/v1/sheet/columnInfo,read_candidate,not_probed,,e,https://static.kdzwy.com/saas/vip1/accounting/static_production_20260915152836/js/main.606e9379.chunk.js,1,948778
GET,/jdy-fi/{dbId}/pay/v1/sheet/getSalary,read_candidate,not_probed,,e,https://static.kdzwy.com/saas/vip1/accounting/static_production_20260915152836/js/main.606e9379.chunk.js,1,948296
GET,/jdy-fi/{dbId}/pay/v1/sheet/getVchOption,read_candidate,verified_business_success,,,https://static.kdzwy.com/saas/vip1/accounting/static_production_20260915152836/js/main.606e9379.chunk.js,1,951250
GET,/jdy-fi/{dbId}/pay/v1/sheet/initColumn,read_candidate,not_probed,,e,https://static.kdzwy.com/saas/vip1/accounting/static_production_20260915152836/js/main.606e9379.chunk.js,1,949208
GET,/jdy-fi/{dbId}/pay/v1/sheet/templateList,read_candidate,not_probed,,e,https://static.kdzwy.com/saas/vip1/accounting/static_production_20260915152836/js/main.606e9379.chunk.js,1,949798
GET,/jdy-fi/{dbId}/rpt/v1/balance,read_candidate,verified_business_success,,r,https://static.kdzwy.com/saas/vip1/accounting/static_production_20260915152836/js/42.9b16857e.chunk.js,1,12495
GET,/jdy-fi/{dbId}/rpt/v1/balance/formula,read_candidate,not_probed,,e,https://static.kdzwy.com/saas/vip1/accounting/static_production_20260915152836/js/42.9b16857e.chunk.js,1,35944
GET,/jdy-fi/{dbId}/rpt/v1/balance/item,read_candidate,verified_business_success,,i,https://static.kdzwy.com/saas/vip1/accounting/static_production_20260915152836/js/42.9b16857e.chunk.js,1,33417
GET,/jdy-fi/{dbId}/rpt/v1/cashflow,read_candidate,verified_business_success,,n,https://static.kdzwy.com/saas/vip1/accounting/static_production_20260915152836/js/40.de9e30e1.chunk.js,1,19153
GET,/jdy-fi/{dbId}/rpt/v1/cashflow/detail,read_candidate,not_probed,,e,https://static.kdzwy.com/saas/vip1/accounting/static_production_20260915152836/js/main.606e9379.chunk.js,1,826724
GET,/jdy-fi/{dbId}/rpt/v1/cashflow/detail/vch,read_candidate,not_probed,,e,https://static.kdzwy.com/saas/vip1/accounting/static_production_20260915152836/js/main.606e9379.chunk.js,1,826886
GET,/jdy-fi/{dbId}/rpt/v1/cashflow/item,read_candidate,verified_business_success,,e,https://static.kdzwy.com/saas/vip1/accounting/static_production_20260915152836/js/main.606e9379.chunk.js,1,826806
GET,/jdy-fi/{dbId}/rpt/v1/cashflow/itemRecommend,read_candidate,not_probed,,e,https://static.kdzwy.com/saas/vip1/accounting/static_production_20260915152836/js/main.606e9379.chunk.js,1,827166
GET,/jdy-fi/{dbId}/rpt/v1/defineReport-mould,read_candidate,not_probed,,"{collect:1,pageSize:1e3}",https://static.kdzwy.com/saas/vip1/accounting/static_production_20260915152836/js/main.606e9379.chunk.js,1,74219
GET,/jdy-fi/{dbId}/rpt/v1/defineReport-share,read_candidate,not_probed,,t,https://static.kdzwy.com/saas/vip1/accounting/static_production_20260915152836/js/46.e5c341f3.chunk.js,1,30311
GET,/jdy-fi/{dbId}/rpt/v1/defineReport/nextReportCode,read_candidate,not_probed,,e,https://static.kdzwy.com/saas/vip1/accounting/static_production_20260915152836/js/46.e5c341f3.chunk.js,1,13524
GET,/jdy-fi/{dbId}/rpt/v1/item/profit/params,read_candidate,verified_business_success,,e,https://static.kdzwy.com/saas/vip1/accounting/static_production_20260915152836/js/57.ae3efad8.chunk.js,1,9447
GET,/jdy-fi/{dbId}/rpt/v1/payable-tax,read_candidate,not_probed,,l,https://static.kdzwy.com/saas/vip1/accounting/static_production_20260915152836/js/43.c48ed256.chunk.js,1,7145
GET,/jdy-fi/{dbId}/rpt/v1/payable-tax/formula,read_candidate,not_probed,,l,https://static.kdzwy.com/saas/vip1/accounting/static_production_20260915152836/js/43.c48ed256.chunk.js,1,26870
GET,/jdy-fi/{dbId}/rpt/v1/pivot-table,read_candidate,not_probed,,e,https://static.kdzwy.com/saas/vip1/accounting/static_production_20260915152836/js/9.3a029b51.chunk.js,1,9430
GET,/jdy-fi/{dbId}/rpt/v1/pivot-table/datasource,read_candidate,not_probed,,,https://static.kdzwy.com/saas/vip1/accounting/static_production_20260915152836/js/9.3a029b51.chunk.js,1,9507
GET,/jdy-fi/{dbId}/rpt/v1/pivot-table/template,read_candidate,not_probed,,e,https://static.kdzwy.com/saas/vip1/accounting/static_production_20260915152836/js/9.3a029b51.chunk.js,1,9186
GET,/jdy-fi/{dbId}/rpt/v1/pivot-table/template/preview,read_candidate,not_probed,,e,https://static.kdzwy.com/saas/vip1/accounting/static_production_20260915152836/js/9.3a029b51.chunk.js,1,9594
GET,/jdy-fi/{dbId}/rpt/v1/pivot-table/template/type,read_candidate,not_probed,,,https://static.kdzwy.com/saas/vip1/accounting/static_production_20260915152836/js/9.3a029b51.chunk.js,1,9688
GET,/jdy-fi/{dbId}/rpt/v1/profit,read_candidate,verified_business_success,,e,https://static.kdzwy.com/saas/vip1/accounting/static_production_20260915152836/js/35.aef491bf.chunk.js,1,14157
GET,/jdy-fi/{dbId}/rpt/v1/profit/formula,read_candidate,not_probed,,e,https://static.kdzwy.com/saas/vip1/accounting/static_production_20260915152836/js/31.9fd53a13.chunk.js,1,45374
GET,/jdy-fi/{dbId}/rpt/v1/profit/formulaNGO,read_candidate,not_probed,,r,https://static.kdzwy.com/saas/vip1/accounting/static_production_20260915152836/js/31.9fd53a13.chunk.js,1,43446
GET,/jdy-fi/{dbId}/rpt/v1/profit/item,read_candidate,not_probed,,i,https://static.kdzwy.com/saas/vip1/accounting/static_production_20260915152836/js/35.aef491bf.chunk.js,1,63137
GET,/jdy-fi/{dbId}/rpt/v1/profitNGO,read_candidate,not_probed,,l,https://static.kdzwy.com/saas/vip1/accounting/static_production_20260915152836/js/35.aef491bf.chunk.js,1,13415
GET,/jdy-fi/{dbId}/scm/v1/basic-data/department/list,read_candidate,not_probed,,e,https://static.kdzwy.com/saas/vip1/accounting/static_production_20260915152836/js/main.606e9379.chunk.js,1,22610
GET,/jdy-fi/{dbId}/scm/v1/bill/from-voucher/{e.id},read_candidate,not_probed,,e,https://static.kdzwy.com/saas/vip1/accounting/static_production_20260915152836/js/main.606e9379.chunk.js,1,22947
GET,/jdy-fi/{dbId}/scm/v1/bill/is-exist,read_candidate,not_probed,,e,https://static.kdzwy.com/saas/vip1/accounting/static_production_20260915152836/js/main.606e9379.chunk.js,1,22122
GET,/jdy-fi/{dbId}/scm/v1/default-account,read_candidate,not_probed,,e,https://static.kdzwy.com/saas/vip1/accounting/static_production_20260915152836/js/main.606e9379.chunk.js,1,22202
GET,/jdy-fi/{dbId}/scm/v1/default-account/by-category/{e.accountSourceType},read_candidate,not_probed,,e,https://static.kdzwy.com/saas/vip1/accounting/static_production_20260915152836/js/main.606e9379.chunk.js,1,22366
GET,/jdy-fi/{dbId}/scm/v1/default-account/by-detail/{e.accountSourceType},read_candidate,not_probed,,e,https://static.kdzwy.com/saas/vip1/accounting/static_production_20260915152836/js/main.606e9379.chunk.js,1,22489
GET,/jdy-fi/{dbId}/scm/v1/voucher-generation/settings,read_candidate,not_probed,,e,https://static.kdzwy.com/saas/vip1/accounting/static_production_20260915152836/js/30.fd554321.chunk.js,1,12497
GET,/jdy-fi/{dbId}/spread/v1/es,read_candidate,not_probed,,e,https://vip4-kj.kdzwy.com/home/static/js/app.0833bc2f.js,1,1225562
GET,/jdy-fi/{dbId}/spread/v1/es-url,read_candidate,not_probed,,"{module:""MILLSUN"",tab:""problems""}",https://vip4-kj.kdzwy.com/home/static/js/app.0833bc2f.js,1,1225142
GET,/jdy-fi/{dbId}/stock/v1/bill/arrange,read_candidate,not_probed,,"Object(o.a)({odo:!1},e)",https://static.kdzwy.com/saas/vip1/accounting/static_production_20260915152836/js/37.8faf31ca.chunk.js,1,50301
GET,/jdy-fi/{dbId}/stock/v1/bill/getCode,read_candidate,not_probed,,e,https://static.kdzwy.com/saas/vip1/accounting/static_production_20260915152836/js/39.1815d2e5.chunk.js,1,2183
GET,/jdy-fi/{dbId}/stock/v1/bill/queryDetail,read_candidate,not_probed,,e,https://static.kdzwy.com/saas/vip1/accounting/static_production_20260915152836/js/39.1815d2e5.chunk.js,1,2264
GET,/jdy-fi/{dbId}/stock/v1/query,read_candidate,not_probed,,,https://static.kdzwy.com/saas/vip1/accounting/static_production_20260915152836/js/main.606e9379.chunk.js,1,83644
GET,/jdy-fi/{dbId}/sys/v1/backup/auth/phone,read_candidate,not_probed,,,https://static.kdzwy.com/saas/vip1/accounting/static_production_20260915152836/js/main.606e9379.chunk.js,1,82431
GET,/jdy-fi/{dbId}/sys/v1/backup/list,read_candidate,not_probed,,,https://static.kdzwy.com/saas/vip1/accounting/static_production_20260915152836/js/main.606e9379.chunk.js,1,81570
GET,/jdy-fi/{dbId}/sys/v1/backup/state,read_candidate,not_probed,,,https://static.kdzwy.com/saas/vip1/accounting/static_production_20260915152836/js/main.606e9379.chunk.js,1,81721
GET,/jdy-fi/{dbId}/sys/v1/fiscal/switch/state,read_candidate,not_probed,,,https://static.kdzwy.com/saas/vip1/accounting/static_production_20260915152836/js/117.5f89fbb8.chunk.js,1,1014
GET,/jdy-fi/{dbId}/sys/v1/init/reinitialize/state,read_candidate,not_probed,,,https://static.kdzwy.com/saas/vip1/accounting/static_production_20260915152836/js/main.606e9379.chunk.js,1,77528
GET,/jdy-fi/{dbId}/user/v1/acct,read_candidate,not_probed,,e,https://static.kdzwy.com/saas/vip1/accounting/static_production_20260915152836/js/main.606e9379.chunk.js,1,560804
GET,/jdy-fi/{dbId}/user/v1/acct-findById,read_candidate,not_probed,,e,https://static.kdzwy.com/saas/vip1/accounting/static_production_20260915152836/js/main.606e9379.chunk.js,1,598910
GET,/jdy-fi/{dbId}/user/v1/acct/role,read_candidate,not_probed,,e,https://static.kdzwy.com/saas/vip1/accounting/static_production_20260915152836/js/7.c15730a1.chunk.js,1,12676
GET,/jdy-fi/{dbId}/user/v1/acct/role-authListRe,read_candidate,not_probed,,e,https://static.kdzwy.com/saas/vip1/accounting/static_production_20260915152836/js/7.c15730a1.chunk.js,1,12753
GET,/jdy-fi/{dbId}/user/v1/acct/roleRight,read_candidate,not_probed,,e,https://static.kdzwy.com/saas/vip1/accounting/static_production_20260915152836/js/7.c15730a1.chunk.js,1,12841
GET,/jdy-fi/{dbId}/v1/order/vap/details,read_candidate,not_probed,,t,https://static.kdzwy.com/saas/vip1/accounting/static_production_20260915152836/js/main.606e9379.chunk.js,1,74575
GET,/jdy-fi/{dbId}/vap/condition,read_candidate,not_probed,,,https://static.kdzwy.com/saas/vip1/accounting/static_production_20260915152836/js/main.606e9379.chunk.js,1,542367
GET,/jdy-fi/{dbId}/vap/price,read_candidate,not_probed,,e,https://static.kdzwy.com/saas/vip1/accounting/static_production_20260915152836/js/main.606e9379.chunk.js,1,543060
GET,/jdy-fi/{dbId}/vat/v1/invoice,read_candidate,not_probed,,e,https://vip4-kj.kdzwy.com/home/static/js/app.0833bc2f.js,1,1221482
GET,/jdy-fi/{dbId}/vat/v1/invoice/collect-record,read_candidate,not_probed,,e,https://static.kdzwy.com/saas/vip1/accounting/static_production_20260915152836/js/main.606e9379.chunk.js,1,545458
GET,/jdy-fi/{dbId}/vat/v1/invoice/collect-record-detail,read_candidate,not_probed,,e,https://static.kdzwy.com/saas/vip1/accounting/static_production_20260915152836/js/main.606e9379.chunk.js,1,545548
GET,/jdy-fi/{dbId}/vat/v1/invoice/collect-status,read_candidate,not_probed,,,https://static.kdzwy.com/saas/vip1/accounting/static_production_20260915152836/js/main.606e9379.chunk.js,1,542879
GET,/jdy-fi/{dbId}/vat/v1/invoice/electr-ent/collect/state,read_candidate,not_probed,,e,https://static.kdzwy.com/saas/vip1/accounting/static_production_20260915152836/js/main.606e9379.chunk.js,1,543408
GET,/jdy-fi/{dbId}/vat/v1/invoice/goodsrule/acct/list,read_candidate,not_probed,,e,https://static.kdzwy.com/saas/vip1/accounting/static_production_20260915152836/js/main.606e9379.chunk.js,1,348225
GET,/jdy-fi/{dbId}/vat/v1/invoice/goodsrule/params,read_candidate,not_probed,,e,https://static.kdzwy.com/saas/vip1/accounting/static_production_20260915152836/js/main.606e9379.chunk.js,1,348042
GET,/jdy-fi/{dbId}/vat/v1/invoice/newest-collect-record,read_candidate,not_probed,,,https://static.kdzwy.com/saas/vip1/accounting/static_production_20260915152836/js/main.606e9379.chunk.js,1,545363
GET,/jdy-fi/{dbId}/vat/v1/invoice/search-title,read_candidate,not_probed,,e,https://static.kdzwy.com/saas/vip1/accounting/static_production_20260915152836/js/main.606e9379.chunk.js,1,543709
GET,/jdy-fi/{dbId}/vat/v1/invoice/zyw/collect-state,read_candidate,verified_business_success,,e,https://static.kdzwy.com/saas/vip1/accounting/static_production_20260915152836/js/main.606e9379.chunk.js,1,2417132
GET,/jdy-fi/{dbId}/vat/v1/invoice/zyw/task-info,read_candidate,not_probed,,t,https://static.kdzwy.com/saas/vip1/accounting/static_production_20260915152836/js/main.606e9379.chunk.js,1,2425355
GET,/jdy-fi/{dbId}/vat/v1/order/activateCode,read_candidate,not_probed,,e,https://static.kdzwy.com/saas/vip1/accounting/static_production_20260915152836/js/main.606e9379.chunk.js,1,542021
GET,/jdy-fi/{dbId}/vat/v1/order/binding/{e},read_candidate,not_probed,,,https://static.kdzwy.com/saas/vip1/accounting/static_production_20260915152836/js/main.606e9379.chunk.js,1,542279
GET,/jdy-fi/{dbId}/vat/v1/order/info/,read_candidate,verified_business_success,,e,https://static.kdzwy.com/saas/vip1/accounting/static_production_20260915152836/js/main.606e9379.chunk.js,1,542517
GET,/jdy-fi/{dbId}/vat/v1/order/info/{e},read_candidate,not_probed,,,https://static.kdzwy.com/saas/vip1/accounting/static_production_20260915152836/js/main.606e9379.chunk.js,1,542596
GET,/jdy-fi/{dbId}/vat/v1/order/info/{e}?electrEnt=true,read_candidate,not_probed,electrEnt,,https://static.kdzwy.com/saas/vip1/accounting/static_production_20260915152836/js/main.606e9379.chunk.js,1,542683
GET,/jdy-fi/{dbId}/vat/v1/order/tax-auth/{e},read_candidate,not_probed,,,https://static.kdzwy.com/saas/vip1/accounting/static_production_20260915152836/js/main.606e9379.chunk.js,1,542189
GET,/jdy-fi/{dbId}/vat/v1/order/tax-untie/{e},read_candidate,not_probed,,,https://static.kdzwy.com/saas/vip1/accounting/static_production_20260915152836/js/main.606e9379.chunk.js,1,542788
GET,/jdy-fi/{dbId}/vat/v1/order/vap/list,read_candidate,not_probed,,,https://static.kdzwy.com/saas/vip1/accounting/static_production_20260915152836/js/main.606e9379.chunk.js,1,542437
GET,/jdy-fi/{dbId}/vat/v1/order/zwy/tax-auth-status,read_candidate,not_probed,,e,https://static.kdzwy.com/saas/vip1/accounting/static_production_20260915152836/js/main.606e9379.chunk.js,1,83286
GET,/jdy-fi/{dbId}/vat/v1/order/zwy/tax-auth-status-new,read_candidate,verified_business_success,,,https://static.kdzwy.com/saas/vip1/accounting/static_production_20260915152836/js/main.606e9379.chunk.js,1,83378
GET,/jdy-fi/{dbId}/vat/v1/piaozone/user/list,read_candidate,not_probed,,e,https://static.kdzwy.com/saas/vip1/accounting/static_production_20260915152836/js/main.606e9379.chunk.js,1,543508
GET,/jdy-fi/{dbId}/vat/v1/piaozone/user/{e.account}/offline-check,read_candidate,not_probed,,,https://static.kdzwy.com/saas/vip1/accounting/static_production_20260915152836/js/main.606e9379.chunk.js,1,543594
GET,/jdy-fi/{dbId}/vat/v1/tax-burden,read_candidate,verified_business_success,,e,https://static.kdzwy.com/saas/vip1/accounting/static_production_20260915152836/js/main.606e9379.chunk.js,1,541549
GET,/jdy-fi/{dbId}/vat/v1/tax-burden-cal,read_candidate,not_probed,,e,https://static.kdzwy.com/saas/vip1/accounting/static_production_20260915152836/js/main.606e9379.chunk.js,1,541703
GET,/jdy-fi/{dbId}/vat/v1/tax-burden-trend,read_candidate,not_probed,,e,https://static.kdzwy.com/saas/vip1/accounting/static_production_20260915152836/js/main.606e9379.chunk.js,1,541868
GET,/jdy-fi/{dbId}/vat/v1/voucher-temp,read_candidate,not_probed,,e,https://static.kdzwy.com/saas/vip1/accounting/static_production_20260915152836/js/main.606e9379.chunk.js,1,540205
GET,/jdy-fi/{dbId}/vat/v1/voucher-temp-bsItems,read_candidate,not_probed,,e,https://static.kdzwy.com/saas/vip1/accounting/static_production_20260915152836/js/main.606e9379.chunk.js,1,540998
GET,/jdy-fi/{dbId}/vat/v1/voucher-temp-def-list,read_candidate,not_probed,,e,https://static.kdzwy.com/saas/vip1/accounting/static_production_20260915152836/js/main.606e9379.chunk.js,1,262585
GET,/jdy-fi/{dbId}/vat/v1/voucher-temp-simple,read_candidate,verified_business_success,,e,https://static.kdzwy.com/saas/vip1/accounting/static_production_20260915152836/js/main.606e9379.chunk.js,1,540284
GET,/jdy-fi/{dbId}/vat/v1/voucher-temp-simple-for-attach,read_candidate,not_probed,,e,https://static.kdzwy.com/saas/vip1/accounting/static_production_20260915152836/js/main.606e9379.chunk.js,1,1193991
GET,/jdy-fi/{dbId}/vat/v1/voucher-temp/get-type/{e.id},read_candidate,not_probed,,e,https://static.kdzwy.com/saas/vip1/accounting/static_production_20260915152836/js/main.606e9379.chunk.js,1,540810
GET,/jdy-fi/{dbId}/vat/v1/voucher-temp/{e.id},read_candidate,not_probed,,e,https://static.kdzwy.com/saas/vip1/accounting/static_production_20260915152836/js/main.606e9379.chunk.js,1,747223
GET,/jdy-fi/{dbId}/vat/v1/zwy/order/tax-url,read_candidate,not_probed,,e,https://static.kdzwy.com/saas/vip1/accounting/static_production_20260915152836/js/main.606e9379.chunk.js,1,83473
GET,/jdy-spi/v1/notice/{e.groupCode}/{e.userId},read_candidate,not_probed,,,https://vip4-kj.kdzwy.com/home/static/js/app.0833bc2f.js,1,1226542
GET,/mock/379/jdy-front-mock/page/tree,read_candidate,not_probed,,r,https://static.kdzwy.com/saas/vip1/accounting/static_production_20260915152836/js/24.66cd9d93.chunk.js,1,52158
GET,/mock/379/jdy-front-mock/table1,read_candidate,not_probed,,r,https://static.kdzwy.com/saas/vip1/accounting/static_production_20260915152836/js/24.66cd9d93.chunk.js,1,38509
GET,/noteprint/noteprinttemp?m=findByType,read_candidate,not_probed,m,e,https://vip4-kj.kdzwy.com/home/static/js/app.0833bc2f.js,1,1216291
GET,/ntboards/query?m=QueryVideoListApi,read_candidate,not_probed,m,t,https://static.kdzwy.com/saas/vip1/accounting/static_production_20260915152836/js/main.606e9379.chunk.js,1,78176
GET,/ntboards/query?m=chart,read_candidate,not_probed,m,e,https://vip4-kj.kdzwy.com/home/static/js/app.0833bc2f.js,1,1218007
GET,/ntboards/query?m=newThirdBoardForKJ3,read_candidate,not_probed,m,e,https://vip4-kj.kdzwy.com/home/static/js/app.0833bc2f.js,1,1217758
GET,/ntboards/query?m=top,read_candidate,not_probed,m,e,https://vip4-kj.kdzwy.com/home/static/js/app.0833bc2f.js,1,1218069
GET,/osClient/cos/credential,read_candidate,not_probed,,,https://static.kdzwy.com/saas/vip1/accounting/static_production_20260915152836/js/main.606e9379.chunk.js,1,81102
GET,/pay/employee.do?m=getEmpSign,read_candidate,verified_business_success,m,,https://static.kdzwy.com/saas/vip1/accounting/static_production_20260915152836/js/main.606e9379.chunk.js,1,1726172
GET,/pay/employeeItemExport.do?m=export,read_candidate,not_probed,m,THISPAGE.conditions,https://vip4-kj.kdzwy.com/js/dist/pay/employee.js,1,3916
GET,/pay/salaryKind.do?m=list,read_candidate,verified_business_success,m,e,https://static.kdzwy.com/saas/vip1/accounting/static_production_20260915152836/js/main.606e9379.chunk.js,1,950226
GET,/report/report,read_candidate,not_probed,,"Object(a.a)({m:""getIndexValue"",reporttype:""index""},e)",https://static.kdzwy.com/saas/vip1/accounting/static_production_20260915152836/js/main.606e9379.chunk.js,1,304201
GET,/report/report?m=exportUDReportMoreYear,read_candidate,not_probed,m,f,https://vip4-kj.kdzwy.com/js/dist/parameter.js?ver=202609151511,1,6385
GET,/report/report?m=getAcctReportItem,read_candidate,not_probed,m,e,https://static.kdzwy.com/saas/vip1/accounting/static_production_20260915152836/js/main.606e9379.chunk.js,1,305069
GET,/report/report?m=getDataForNewPage,read_candidate,not_probed,m,e,https://static.kdzwy.com/saas/vip1/accounting/static_production_20260915152836/js/main.606e9379.chunk.js,1,304303
GET,/report/report?m=getReportItem&reporttype=index,read_candidate,not_probed,"m,reporttype",,https://static.kdzwy.com/saas/vip1/accounting/static_production_20260915152836/js/main.606e9379.chunk.js,1,304913
GET,/report/report?m=getUDReportValue,read_candidate,not_probed,m,d,https://vip4-kj.kdzwy.com/js/dist/parameter.js?ver=202609151511,1,5457
GET,/report/reportview?m=findUDReport,read_candidate,not_probed,m,,https://static.kdzwy.com/saas/vip1/accounting/static_production_20260915152836/js/main.606e9379.chunk.js,1,73883
GET,/scm/scmApi?m=getScmVoucher&dbid={e.dbid}&vchId={e.vchId},read_candidate,not_probed,"dbid,m,vchId",,https://static.kdzwy.com/saas/vip1/accounting/static_production_20260915152836/js/main.606e9379.chunk.js,1,261983
GET,/third/acct/result?dbId={t},read_candidate,not_probed,dbId,e,https://static.kdzwy.com/saas/vip1/accounting/static_production_20260915152836/js/main.606e9379.chunk.js,1,1445664
GET,/vip-spi/api/tags/content,read_candidate,not_probed,,e,https://static.kdzwy.com/saas/vip1/accounting/static_production_20260915152836/js/main.606e9379.chunk.js,1,304373
GET,/vip-spi/api/tags/recommend-content,read_candidate,not_probed,,e,https://static.kdzwy.com/saas/vip1/accounting/static_production_20260915152836/js/main.606e9379.chunk.js,1,304672
GET,"/vip-spi/knowledgeapi/product/{Object(y.t)()?""99"":""15""}/search?domain={Object(y.t)()?""KUAIJI2"":""jdyv3jdy001""}&module={t.module}&bizentity={t.bizentity}&label=CJWT&restrictIn=domain,module,bizentity,label&page=1&pageSize=5&sort=-views",read_candidate,not_probed,"""99"":""15""}/search?domain,bizentity,label,module,page,pageSize,restrictIn,sort",{},https://static.kdzwy.com/saas/vip1/accounting/static_production_20260915152836/js/main.606e9379.chunk.js,1,3076465
GET,/zwytax/declare?m=queryTaxCalculationUrl,read_candidate,not_probed,m,e,https://vip4-kj.kdzwy.com/home/static/js/app.0833bc2f.js,1,1224272
GET,"https://dw.jdy.com/push/v1/msg/ykj/{c.a.get(""group"")}/{e.positionId}/{u()}/{function(){var e;return i.b.getState().app.systemInitData.UserId||(null===(e=win}",read_candidate,not_probed,,{},https://static.kdzwy.com/saas/vip1/accounting/static_production_20260915152836/js/main.606e9379.chunk.js,1,305211
GET,"https://dw.jdy.com/push/v1/msg/ykj/{p.a.get(""group"")}/{t.positionId}/{j()}/{O()}",read_candidate,not_probed,,,https://static.kdzwy.com/saas/vip1/accounting/static_production_20260915152836/js/main.606e9379.chunk.js,1,75398
GET,"https://knowledge.kingdee.com/product/15/search?types=LearningCourse&domain=001&module=cpjls&bizentity=zdybb&label=SCYY&types=LearningCourse&restrictIn=domain,module,bizentity,label,types",read_candidate,not_probed,"bizentity,domain,label,module,restrictIn,types",{},https://static.kdzwy.com/saas/vip1/accounting/static_production_20260915152836/js/33.656a401f.chunk.js,1,30779
GET,"https://knowledge.kingdee.com/product/15/search?types=LearningCourse&domain=001&module=cpjls&bizentity=znqp&label=SCYY&types=LearningCourse&restrictIn=domain,module,bizentity,label,types",read_candidate,not_probed,"bizentity,domain,label,module,restrictIn,types",{},https://static.kdzwy.com/saas/vip1/accounting/static_production_20260915152836/js/52.abd6ef46.chunk.js,1,15418
GET,https://ptapi.jdy.com/wps/getPrePayStatus?billno={billno.billno},read_candidate,not_probed,billno,,https://vip4-kj.kdzwy.com/js/common/common.js?ver=202609151511,5632,18
GET,https://ptapi.jdy.com/wps/getPrePayStatus?billno={n.billno},read_candidate,not_probed,billno,,https://vip4-kj.kdzwy.com/home/static/js/app.0833bc2f.js,1,482063
GET,https://ptapi.jdy.com/wps/getPrePayStatus?billno={t.billno},read_candidate,not_probed,billno,,https://static.kdzwy.com/saas/vip1/accounting/static_production_20260915152836/js/main.606e9379.chunk.js,1,312178
GET,https://ptapi.jdy.com/wps/getProtocolStatus,read_candidate,not_probed,,,https://static.kdzwy.com/saas/vip1/accounting/static_production_20260915152836/js/main.606e9379.chunk.js,1,1950395
GET,https://ptapi.jdy.com/wps/getUserServiceForWps?userId={Da.id}&suiteId=,read_candidate,not_probed,userId,,https://vip4-kj.kdzwy.com/js/dist/authorityInside.js?ver=202609151511,1,26567
GET,https://ptapi.jdy.com/wps/getUserServiceForWps?userId={c.userId}&suiteId=,read_candidate,not_probed,userId,,https://vip4-kj.kdzwy.com/js/dist/authorityInside.js?ver=202609151511,2,7767
GET,https://service.jdy.com/mvc/myaccount/getSerialNumInfo,read_candidate,not_probed,,{serviceId:e.systemData.companyCoid},https://static.kdzwy.com/saas/vip1/accounting/static_production_20260915152836/js/main.606e9379.chunk.js,1,1983424
GET,https://service.jdy.com/mvc/serviceList/checkTrialCreateNum,read_candidate,not_probed,,"{trialProduct:""YKJ""}",https://static.kdzwy.com/saas/vip1/accounting/static_production_20260915152836/js/main.606e9379.chunk.js,1,1977609
GET,https://sso.jdy.com/kingdee/club.do,read_candidate,not_probed,,"{'act': 'getAuthCode', 'parseResponse': 'testss'}",https://vip4-kj.kdzwy.com/js/common/common.js?ver=202609151511,5315,10
POST,/acct/bu.do?m=remainCount,unknown_or_write,not_probed,m,,https://static.kdzwy.com/saas/vip1/accounting/static_production_20260915152836/js/main.606e9379.chunk.js,1,313632
POST,/acct/role.do?m=authToUserRe,unknown_or_write,not_probed,m,t,https://static.kdzwy.com/saas/vip1/accounting/static_production_20260915152836/js/7.c15730a1.chunk.js,1,29636
POST,/auth/exchangeToken,unknown_or_write,not_probed,,"{authCode:p.a.get(""authCode"")}",https://static.kdzwy.com/saas/vip1/accounting/static_production_20260915152836/js/main.606e9379.chunk.js,1,70498
UNKNOWN,"/baoxiao/bx-bill-detail?id={e.srcId}&billType={M[""type_""+e.billType]||""""}",unknown_or_write,not_probed,"billType,id",,https://vip4-kj.kdzwy.com/home/static/js/chunk-26cc668c.aa7b01ec.js,1,331543
UNKNOWN,/basedata/initParams?m=kjSchoolQAndA&type={encodeURIComponent((frameElement||{}).tabName || SYSTEM.tabName)},unknown_or_write,not_probed,"m,type",,https://vip4-kj.kdzwy.com/js/common/common.js?ver=202609151511,1818,36
UNKNOWN,/basedata/initParams?m=kjSchoolQAndA&type={encodeURIComponent(e)},unknown_or_write,not_probed,"m,type",,https://vip4-kj.kdzwy.com/home/static/js/chunk-6aaa3391.8816d365.js,1,20669
UNKNOWN,/books/general-ledger.jsp?reportType=balance&reportitem={b}&fromPeriod={filterConditions.period}&toPeriod={filterConditions.period},unknown_or_write,not_probed,"fromPeriod,reportType,reportitem,toPeriod",,https://vip4-kj.kdzwy.com/js/dist/balanceSheet.js?ver=202609151511,1,9867
UNKNOWN,/books/general-ledger.jsp?reportType=profit&reportitem={b}&fromPeriod={d}&toPeriod={e}&type={filterConditions.type},unknown_or_write,not_probed,"fromPeriod,reportType,reportitem,toPeriod,type",,https://vip4-kj.kdzwy.com/js/dist/profitSheet.js?ver=202609151511,1,9635
UNKNOWN,/books/general-ledger?reportType=balance&reportitem={b}&fromPeriod={filterConditions.period}&toPeriod={filterConditions.period},unknown_or_write,not_probed,"fromPeriod,reportType,reportitem,toPeriod",,https://vip4-kj.kdzwy.com/js/dist/balanceSheet.js?ver=202609151511,1,9679
UNKNOWN,/books/general-ledger?reportType=profit&reportitem={b}&fromPeriod={d}&toPeriod={e}&type={filterConditions.type},unknown_or_write,not_probed,"fromPeriod,reportType,reportitem,toPeriod,type",,https://vip4-kj.kdzwy.com/js/dist/profitSheet.js?ver=202609151511,1,9454
UNKNOWN,/bs/assist.do?m=getUserSetting,unknown_or_write,not_probed,m,"{'key': opts.pageId, 'saveUser': 1}",https://vip4-kj.kdzwy.com/js/common/common.js?ver=202609151511,614,10
UNKNOWN,/bs/currency?m=findAll,unknown_or_write,not_probed,m,,https://vip4-kj.kdzwy.com/js/dist/currency.js?ver=202609151511,1,74
UNKNOWN,/bs/item?m=findItem&isProfitAndLoss=2&itemClassId={z.itemClassId},unknown_or_write,not_probed,"isProfitAndLoss,itemClassId,m",,https://vip4-kj.kdzwy.com/js/dist/itemProfitSheet.js?ver=202609151511,1,6637
UNKNOWN,/bs/item?m=findItem&itemClassId={b},unknown_or_write,not_probed,"itemClassId,m",,https://vip4-kj.kdzwy.com/js/dist/assisting-category.js?ver=202609151511,1,4858
UNKNOWN,/bs/itemClass?m=findUserDefine,unknown_or_write,not_probed,m,,https://vip4-kj.kdzwy.com/js/dist/itemProfitSheet.js?ver=202609151511,1,6838
POST,"/bs/itemClass?m={""add""==b?""save"":""update""}",unknown_or_write,not_probed,m,f,https://vip4-kj.kdzwy.com/js/dist/settingAccounting.js?ver=202609151511,1,2506
POST,/bs/systemprofile?m=downGY,unknown_or_write,not_probed,m,{},https://vip4-kj.kdzwy.com/js/dist/voucherScm.js?ver=202609151511,1,16152
UNKNOWN,/bs/systemprofile?m=querySyncLog,unknown_or_write,not_probed,m,,https://vip4-kj.kdzwy.com/js/dist/guanYiLog.js?ver=202609151511,1,2128
POST,/bs/systemprofile?m=upgradeReport,unknown_or_write,not_probed,m,"{dbtype:a(""#system-sel"").val()}",https://vip4-kj.kdzwy.com/js/dist/parameter.js?ver=202609151511,1,4145
UNKNOWN,/bs/voucherTemp?m=findVchTempList,unknown_or_write,not_probed,m,,https://vip4-kj.kdzwy.com/js/dist/templateList.js?ver=202609151511,1,46
POST,/clear/clearandbackup?userName={e.userName}&dbid={e.dbid},unknown_or_write,not_probed,"dbid,userName",,https://vip4-kj.kdzwy.com/home/static/js/app.0833bc2f.js,1,1224352
POST,/gl/account?m=isUsed&number={a},unknown_or_write,not_probed,"m,number",,https://vip4-kj.kdzwy.com/js/dist/subject.js?ver=202609151511,1,8723
UNKNOWN,/gl/account?m=queryAccount&classId=1,unknown_or_write,not_probed,"classId,m",,https://vip4-kj.kdzwy.com/js/dist/subjectList.js?ver=202609151511,1,3019
UNKNOWN,/gl/account?m=queryAccount&classId={a},unknown_or_write,not_probed,"classId,m",,https://vip4-kj.kdzwy.com/js/dist/subjectList.js?ver=202609151511,1,8110
UNKNOWN,/gl/account?m=queryAccount&classId={b}&isDelete={o},unknown_or_write,not_probed,"classId,isDelete,m",,https://vip4-kj.kdzwy.com/js/dist/subjectTree.js?ver=202609151511,1,35
UNKNOWN,/gl/account?m=queryAccount&classId={subjectType},unknown_or_write,not_probed,"classId,m",,https://vip4-kj.kdzwy.com/js/dist/subjectList.js?ver=202609151511,1,9593
POST,/gl/account?m=upgradeCashAccount,unknown_or_write,not_probed,m,,https://vip4-kj.kdzwy.com/js/dist/cashFlowStdSheet.js?ver=202609151511,1,7229
UNKNOWN,/gl/balance/query?m=checkBalance,unknown_or_write,not_probed,m,,https://vip4-kj.kdzwy.com/js/dist/initialBalance.js?ver=202609151511,1,15757
UNKNOWN,/gl/balance/query?m=queryBalance&classId={subjectType}&currency={currency},unknown_or_write,not_probed,"classId,currency,m",,https://vip4-kj.kdzwy.com/js/dist/initialBalance.js?ver=202609151511,1,20749
UNKNOWN,/gl/balanceItemReport?m=query,unknown_or_write,not_probed,m,,https://vip4-kj.kdzwy.com/js/dist/accountingBalance.js?ver=202609151511,1,12821
UNKNOWN,/gl/balanceReport?m=queryAccount,unknown_or_write,not_probed,m,,https://vip4-kj.kdzwy.com/js/dist/subjectBalance.js?ver=202609151511,1,12526
UNKNOWN,/gl/cashier/EBXBillAction?m=list,unknown_or_write,not_probed,m,,https://vip4-kj.kdzwy.com/js/dist/reimbursements.js,1,7142
UNKNOWN,/gl/cashier/EBXBindingAction?m=getEBXServiceList,unknown_or_write,not_probed,m,,https://vip4-kj.kdzwy.com/js/dist/BXSetting.js,1,12839
UNKNOWN,/gl/cashier/payAccountAction?m=listAccount,unknown_or_write,not_probed,m,,https://vip4-kj.kdzwy.com/js/dist/BXSetting.js,1,6956
POST,/gl/closeperiod?m=endOfItemList,unknown_or_write,not_probed,m,,https://vip4-kj.kdzwy.com/js/common/common.js?ver=202609151511,4433,17
POST,/gl/general?m=exportAllDetail,unknown_or_write,not_probed,m,h,https://vip4-kj.kdzwy.com/js/dist/subsidiaryLedger.js?ver=202609151511,1,27593
UNKNOWN,/gl/general?m=queryDetail,unknown_or_write,not_probed,m,,https://vip4-kj.kdzwy.com/js/dist/subsidiaryLedger.js?ver=202609151511,1,15896
UNKNOWN,/gl/general?m=queryDetailItem,unknown_or_write,not_probed,m,,https://vip4-kj.kdzwy.com/js/dist/accountingLedger.js?ver=202609151511,1,9484
UNKNOWN,/gl/general?m=queryTotal,unknown_or_write,not_probed,m,,https://vip4-kj.kdzwy.com/js/dist/generalLedger.js?ver=202609151511,1,2553
UNKNOWN,/gl/generalqty?m=queryTotal,unknown_or_write,not_probed,m,,https://vip4-kj.kdzwy.com/js/dist/qtyAmountGeneral.js?ver=202609151511,1,3046
UNKNOWN,/gl/voucher?m=analysisVch,unknown_or_write,not_probed,m,,https://vip4-kj.kdzwy.com/voucher/voucher-tidy.jsp#inline-script-3,29,25
UNKNOWN,/gl/voucher?m=findList,unknown_or_write,not_probed,m,,https://vip4-kj.kdzwy.com/js/dist/voucherList.js?ver=202609151511,1,4560
POST,/gl/voucher?m=reVchNum,unknown_or_write,not_probed,m,postData,https://vip4-kj.kdzwy.com/voucher/voucher-tidy.jsp#inline-script-3,69,18
UNKNOWN,/invoice/manage?code={i}&feature={j}&invoice_date={k},unknown_or_write,not_probed,"code,feature,invoice_date",,https://vip4-kj.kdzwy.com/js/dist/voucherList.js?ver=202609151511,1,14722
UNKNOWN,/jdy-fi-rpt/{dbId}/scm/v1/check-balance/detail/export,unknown_or_write,not_probed,,,https://static.kdzwy.com/saas/vip1/accounting/static_production_20260915152836/js/82.955b7af0.chunk.js,1,16852
UNKNOWN,/jdy-fi-rpt/{dbId}/scm/v1/check-balance/summary/export,unknown_or_write,not_probed,,,https://static.kdzwy.com/saas/vip1/accounting/static_production_20260915152836/js/83.6ef5361b.chunk.js,1,16961
UNKNOWN,/jdy-fi-rpt/{dbId}/v1/att/attachment/dl,unknown_or_write,not_probed,,,https://static.kdzwy.com/saas/vip1/accounting/static_production_20260915152836/js/21.9198e10d.chunk.js,1,46522
UNKNOWN,/jdy-fi-rpt/{dbId}/v1/att/attachment/export,unknown_or_write,not_probed,,,https://static.kdzwy.com/saas/vip1/accounting/static_production_20260915152836/js/21.9198e10d.chunk.js,1,47072
UNKNOWN,/jdy-fi-rpt/{dbId}/v1/att/attachment/print,unknown_or_write,not_probed,,,https://static.kdzwy.com/saas/vip1/accounting/static_production_20260915152836/js/21.9198e10d.chunk.js,1,46722
UNKNOWN,/jdy-fi-rpt/{dbId}/v1/balance-item-report/export,unknown_or_write,not_probed,,,https://static.kdzwy.com/saas/vip1/accounting/static_production_20260915152836/js/50.f9b9958d.chunk.js,1,41120
UNKNOWN,/jdy-fi-rpt/{dbId}/v1/balance-item-report/print,unknown_or_write,not_probed,,,https://static.kdzwy.com/saas/vip1/accounting/static_production_20260915152836/js/50.f9b9958d.chunk.js,1,40673
UNKNOWN,/jdy-fi-rpt/{dbId}/v1/balance/export,unknown_or_write,not_probed,,,https://static.kdzwy.com/saas/vip1/accounting/static_production_20260915152836/js/42.9b16857e.chunk.js,1,16008
UNKNOWN,/jdy-fi-rpt/{dbId}/v1/bank-statement/notMatch-export,unknown_or_write,not_probed,,,https://vip4-kj.kdzwy.com/home/static/js/chunk-138375e1.507d6203.js,1,22863
UNKNOWN,/jdy-fi-rpt/{dbId}/v1/cash-flow/report/detail/export,unknown_or_write,not_probed,,,https://static.kdzwy.com/saas/vip1/accounting/static_production_20260915152836/js/24.66cd9d93.chunk.js,1,40652
UNKNOWN,/jdy-fi-rpt/{dbId}/v1/cash-flow/report/export,unknown_or_write,not_probed,,,https://static.kdzwy.com/saas/vip1/accounting/static_production_20260915152836/js/40.de9e30e1.chunk.js,1,21009
UNKNOWN,/jdy-fi-rpt/{dbId}/v1/cash-flow/report/print,unknown_or_write,not_probed,,,https://static.kdzwy.com/saas/vip1/accounting/static_production_20260915152836/js/24.66cd9d93.chunk.js,1,119081
POST,/jdy-fi-rpt/{dbId}/v1/cash-flow/upgrade,unknown_or_write,not_probed,,e,https://static.kdzwy.com/saas/vip1/accounting/static_production_20260915152836/js/96.acbebc8d.chunk.js,1,455
UNKNOWN,/jdy-fi-rpt/{dbId}/v1/cashier/check-total-export,unknown_or_write,not_probed,,,https://vip4-kj.kdzwy.com/home/static/js/chunk-24160680.2cadb9de.js,1,6407
UNKNOWN,/jdy-fi-rpt/{dbId}/v1/cashier/income-expend-export,unknown_or_write,not_probed,,,https://vip4-kj.kdzwy.com/home/static/js/chunk-56632b66.b67506ad.js,1,4946
POST,/jdy-fi-rpt/{dbId}/v1/common/msg/unread,unknown_or_write,not_probed,,e,https://static.kdzwy.com/saas/vip1/accounting/static_production_20260915152836/js/main.606e9379.chunk.js,1,951592
UNKNOWN,/jdy-fi-rpt/{dbId}/v1/common/report/export,unknown_or_write,not_probed,,,https://static.kdzwy.com/saas/vip1/accounting/static_production_20260915152836/js/44.f0353c7e.chunk.js,1,15455
POST,/jdy-fi-rpt/{dbId}/v1/cost-detail/item,unknown_or_write,not_probed,,e,https://static.kdzwy.com/saas/vip1/accounting/static_production_20260915152836/js/47.e892b82f.chunk.js,1,2477
POST,/jdy-fi-rpt/{dbId}/v1/detailAccount/tree,unknown_or_write,not_probed,,JSON.stringify(d),https://vip4-kj.kdzwy.com/js/dist/subsidiaryLedger.js?ver=202609151511,1,1409
UNKNOWN,/jdy-fi-rpt/{dbId}/v1/fa/card/export,unknown_or_write,not_probed,,,https://vip4-kj.kdzwy.com/home/static/js/chunk-02224858.4517b705.js,1,26513
UNKNOWN,/jdy-fi-rpt/{dbId}/v1/fa/card/export-temp,unknown_or_write,not_probed,,,https://vip4-kj.kdzwy.com/home/static/js/chunk-02224858.4517b705.js,1,26984
UNKNOWN,/jdy-fi-rpt/{dbId}/v1/fa/depreciation/detail-export,unknown_or_write,not_probed,,,https://static.kdzwy.com/saas/vip1/accounting/static_production_20260915152836/js/99.31802f2a.chunk.js,1,26985
UNKNOWN,/jdy-fi-rpt/{dbId}/v1/fa/depreciation/detail-print,unknown_or_write,not_probed,,,https://static.kdzwy.com/saas/vip1/accounting/static_production_20260915152836/js/99.31802f2a.chunk.js,1,19716
UNKNOWN,/jdy-fi-rpt/{dbId}/v1/fa/depreciation/sum-export,unknown_or_write,not_probed,,,https://static.kdzwy.com/saas/vip1/accounting/static_production_20260915152836/js/100.5916ea91.chunk.js,1,26058
UNKNOWN,/jdy-fi-rpt/{dbId}/v1/fa/depreciation/sum-print,unknown_or_write,not_probed,,,https://static.kdzwy.com/saas/vip1/accounting/static_production_20260915152836/js/100.5916ea91.chunk.js,1,19562
UNKNOWN,/jdy-fi-rpt/{dbId}/v1/gl/balance-report/export,unknown_or_write,not_probed,,,https://static.kdzwy.com/saas/vip1/accounting/static_production_20260915152836/js/51.60187568.chunk.js,1,45279
UNKNOWN,/jdy-fi-rpt/{dbId}/v1/gl/balance-report/print,unknown_or_write,not_probed,,,https://static.kdzwy.com/saas/vip1/accounting/static_production_20260915152836/js/51.60187568.chunk.js,1,42269
UNKNOWN,/jdy-fi-rpt/{dbId}/v1/gl/general/export,unknown_or_write,not_probed,,,https://static.kdzwy.com/saas/vip1/accounting/static_production_20260915152836/js/58.cda7d53c.chunk.js,1,81883
UNKNOWN,/jdy-fi-rpt/{dbId}/v1/gl/general/print,unknown_or_write,not_probed,,,https://static.kdzwy.com/saas/vip1/accounting/static_production_20260915152836/js/58.cda7d53c.chunk.js,1,45878
UNKNOWN,/jdy-fi-rpt/{dbId}/v1/gl/multicolaccount/export,unknown_or_write,not_probed,,,https://static.kdzwy.com/saas/vip1/accounting/static_production_20260915152836/js/55.1ee1ba78.chunk.js,1,33758
POST,/jdy-fi-rpt/{dbId}/v1/gl/multicolaccount/head,unknown_or_write,not_probed,,r,https://static.kdzwy.com/saas/vip1/accounting/static_production_20260915152836/js/55.1ee1ba78.chunk.js,1,33156
UNKNOWN,/jdy-fi-rpt/{dbId}/v1/gl/multicolaccount/print,unknown_or_write,not_probed,,,https://static.kdzwy.com/saas/vip1/accounting/static_production_20260915152836/js/55.1ee1ba78.chunk.js,1,30619
POST,/jdy-fi-rpt/{dbId}/v1/invoice/discern,unknown_or_write,not_probed,,o,https://static.kdzwy.com/saas/vip1/accounting/static_production_20260915152836/js/main.606e9379.chunk.js,1,1470449
UNKNOWN,/jdy-fi-rpt/{dbId}/v1/invoice/export,unknown_or_write,not_probed,,,https://static.kdzwy.com/saas/vip1/accounting/static_production_20260915152836/js/main.606e9379.chunk.js,1,2491926
UNKNOWN,/jdy-fi-rpt/{dbId}/v1/item/item-export,unknown_or_write,not_probed,,,https://static.kdzwy.com/saas/vip1/accounting/static_production_20260915152836/js/28.ddec54f9.chunk.js,1,57288
UNKNOWN,/jdy-fi-rpt/{dbId}/v1/item/profit/export,unknown_or_write,not_probed,,,https://static.kdzwy.com/saas/vip1/accounting/static_production_20260915152836/js/57.ae3efad8.chunk.js,1,29164
POST,/jdy-fi-rpt/{dbId}/v1/journal/export,unknown_or_write,not_probed,,e,https://vip4-kj.kdzwy.com/home/static/js/app.0833bc2f.js,1,1195039
UNKNOWN,/jdy-fi-rpt/{dbId}/v1/journal/export,unknown_or_write,not_probed,,,https://vip4-kj.kdzwy.com/home/static/js/chunk-26cc668c.aa7b01ec.js,1,175933
UNKNOWN,/jdy-fi-rpt/{dbId}/v1/log/list,unknown_or_write,not_probed,,,https://vip4-kj.kdzwy.com/js/dist/operationLogNew.js?ver=202609151511,1,4095
UNKNOWN,/jdy-fi-rpt/{dbId}/v1/pay/basic/exportDeduction,unknown_or_write,not_probed,,,https://static.kdzwy.com/saas/vip1/accounting/static_production_20260915152836/js/54.687400e1.chunk.js,1,23357
UNKNOWN,/jdy-fi-rpt/{dbId}/v1/pay/basic/exportEmployee,unknown_or_write,not_probed,,,https://static.kdzwy.com/saas/vip1/accounting/static_production_20260915152836/js/32.93d0f568.chunk.js,1,29702
POST,/jdy-fi-rpt/{dbId}/v1/pay/dynamicImport,unknown_or_write,not_probed,,r,https://static.kdzwy.com/saas/vip1/accounting/static_production_20260915152836/js/11.eb9201f7.chunk.js,1,27316
UNKNOWN,/jdy-fi-rpt/{dbId}/v1/pay/exportSheet,unknown_or_write,not_probed,,,https://static.kdzwy.com/saas/vip1/accounting/static_production_20260915152836/js/45.8a7c16a5.chunk.js,1,45006
POST,/jdy-fi-rpt/{dbId}/v1/pay/matchSheetName,unknown_or_write,not_probed,,e,https://static.kdzwy.com/saas/vip1/accounting/static_production_20260915152836/js/main.606e9379.chunk.js,1,949712
POST,/jdy-fi-rpt/{dbId}/v1/pay/payDataDetail,unknown_or_write,not_probed,,e,https://static.kdzwy.com/saas/vip1/accounting/static_production_20260915152836/js/main.606e9379.chunk.js,1,950140
UNKNOWN,/jdy-fi-rpt/{dbId}/v1/pay/print,unknown_or_write,not_probed,,,https://static.kdzwy.com/saas/vip1/accounting/static_production_20260915152836/js/45.8a7c16a5.chunk.js,1,40730
UNKNOWN,/jdy-fi-rpt/{dbId}/v1/payable-tax/export,unknown_or_write,not_probed,,,https://static.kdzwy.com/saas/vip1/accounting/static_production_20260915152836/js/43.c48ed256.chunk.js,1,12166
UNKNOWN,/jdy-fi-rpt/{dbId}/v1/period-end/invoice-goods-bill-stats/export,unknown_or_write,not_probed,,,https://static.kdzwy.com/saas/vip1/accounting/static_production_20260915152836/js/25.8ddc7964.chunk.js,1,52839
UNKNOWN,/jdy-fi-rpt/{dbId}/v1/period-end/pro-material-req/carry-data/export,unknown_or_write,not_probed,,,https://static.kdzwy.com/saas/vip1/accounting/static_production_20260915152836/js/84.fb49abe6.chunk.js,1,32931
UNKNOWN,/jdy-fi-rpt/{dbId}/v1/period-end/pro-material-req/carry-data/print,unknown_or_write,not_probed,,,https://static.kdzwy.com/saas/vip1/accounting/static_production_20260915152836/js/84.fb49abe6.chunk.js,1,32382
UNKNOWN,/jdy-fi-rpt/{dbId}/v1/period-end/pro-material-req/export,unknown_or_write,not_probed,,,https://static.kdzwy.com/saas/vip1/accounting/static_production_20260915152836/js/108.4f923be6.chunk.js,1,18825
UNKNOWN,/jdy-fi-rpt/{dbId}/v1/period-end/trans-product-cost/carry-data/export,unknown_or_write,not_probed,,,https://static.kdzwy.com/saas/vip1/accounting/static_production_20260915152836/js/76.fecd2bd2.chunk.js,1,41474
UNKNOWN,/jdy-fi-rpt/{dbId}/v1/period-end/trans-product-cost/carry-data/print,unknown_or_write,not_probed,,,https://static.kdzwy.com/saas/vip1/accounting/static_production_20260915152836/js/76.fecd2bd2.chunk.js,1,40944
UNKNOWN,/jdy-fi-rpt/{dbId}/v1/period-end/trans-product-cost/export,unknown_or_write,not_probed,,,https://static.kdzwy.com/saas/vip1/accounting/static_production_20260915152836/js/25.8ddc7964.chunk.js,1,35160
UNKNOWN,/jdy-fi-rpt/{dbId}/v1/period-end/trans-sale-cost/carry-data/export,unknown_or_write,not_probed,,,https://static.kdzwy.com/saas/vip1/accounting/static_production_20260915152836/js/75.4d472ee2.chunk.js,1,41116
UNKNOWN,/jdy-fi-rpt/{dbId}/v1/period-end/trans-sale-cost/carry-data/print?yearPeriod={e.CURPERIOD},unknown_or_write,not_probed,yearPeriod,,https://static.kdzwy.com/saas/vip1/accounting/static_production_20260915152836/js/75.4d472ee2.chunk.js,1,40549
UNKNOWN,/jdy-fi-rpt/{dbId}/v1/period-end/trans-sale-cost/export,unknown_or_write,not_probed,,,https://static.kdzwy.com/saas/vip1/accounting/static_production_20260915152836/js/26.fd51d44e.chunk.js,1,33887
UNKNOWN,"/jdy-fi-rpt/{dbId}/v1/pivot-table/export/{U.get(""id"")}",unknown_or_write,not_probed,,,https://static.kdzwy.com/saas/vip1/accounting/static_production_20260915152836/js/94.018a18d8.chunk.js,1,23914
POST,/jdy-fi-rpt/{dbId}/v1/pivot-table/preview,unknown_or_write,not_probed,,e,https://static.kdzwy.com/saas/vip1/accounting/static_production_20260915152836/js/9.3a029b51.chunk.js,1,9778
UNKNOWN,/jdy-fi-rpt/{dbId}/v1/profit/export,unknown_or_write,not_probed,,,https://static.kdzwy.com/saas/vip1/accounting/static_production_20260915152836/js/31.9fd53a13.chunk.js,1,31082
UNKNOWN,/jdy-fi-rpt/{dbId}/v1/qtyDetailAccount/print,unknown_or_write,not_probed,,,https://static.kdzwy.com/saas/vip1/accounting/static_production_20260915152836/js/36.8c16b134.chunk.js,1,58305
UNKNOWN,/jdy-fi-rpt/{dbId}/v1/qtyDetailAccount/printAll,unknown_or_write,not_probed,,,https://static.kdzwy.com/saas/vip1/accounting/static_production_20260915152836/js/36.8c16b134.chunk.js,1,58689
POST,/jdy-fi-rpt/{dbId}/v1/qtyDetailAccount/tree,unknown_or_write,not_probed,,e,https://static.kdzwy.com/saas/vip1/accounting/static_production_20260915152836/js/36.8c16b134.chunk.js,1,22329
UNKNOWN,/jdy-fi-rpt/{dbId}/v1/qtyTotalAccount/export,unknown_or_write,not_probed,,,https://static.kdzwy.com/saas/vip1/accounting/static_production_20260915152836/js/59.438d0efb.chunk.js,1,45676
UNKNOWN,/jdy-fi-rpt/{dbId}/v1/qtyTotalAccount/print,unknown_or_write,not_probed,,,https://static.kdzwy.com/saas/vip1/accounting/static_production_20260915152836/js/59.438d0efb.chunk.js,1,45136
UNKNOWN,/jdy-fi-rpt/{dbId}/v1/stock/bill/exportInBill,unknown_or_write,not_probed,,,https://static.kdzwy.com/saas/vip1/accounting/static_production_20260915152836/js/37.8faf31ca.chunk.js,1,72861
UNKNOWN,/jdy-fi-rpt/{dbId}/v1/stock/bill/exportOutBill,unknown_or_write,not_probed,,,https://static.kdzwy.com/saas/vip1/accounting/static_production_20260915152836/js/38.654f9bb3.chunk.js,1,73073
UNKNOWN,/jdy-fi-rpt/{dbId}/v1/stock/bill/printInBill,unknown_or_write,not_probed,,,https://static.kdzwy.com/saas/vip1/accounting/static_production_20260915152836/js/37.8faf31ca.chunk.js,1,73198
UNKNOWN,/jdy-fi-rpt/{dbId}/v1/stock/bill/printOutBill,unknown_or_write,not_probed,,,https://static.kdzwy.com/saas/vip1/accounting/static_production_20260915152836/js/38.654f9bb3.chunk.js,1,73447
UNKNOWN,"/jdy-fi-rpt/{dbId}/v1/stock/bill/print{""in""===r.dc?""In"":""Out""}Detail",unknown_or_write,not_probed,,,https://static.kdzwy.com/saas/vip1/accounting/static_production_20260915152836/js/39.1815d2e5.chunk.js,1,20008
UNKNOWN,/jdy-fi-rpt/{dbId}/v1/stock/export,unknown_or_write,not_probed,,,https://static.kdzwy.com/saas/vip1/accounting/static_production_20260915152836/js/60.fe39d594.chunk.js,1,38864
UNKNOWN,/jdy-fi-rpt/{dbId}/v1/stock/report/exportSummary,unknown_or_write,not_probed,,,https://static.kdzwy.com/saas/vip1/accounting/static_production_20260915152836/js/89.cdeede98.chunk.js,1,28688
UNKNOWN,/jdy-fi-rpt/{dbId}/v1/stock/report/printDetail,unknown_or_write,not_probed,,,https://static.kdzwy.com/saas/vip1/accounting/static_production_20260915152836/js/101.dd8b647f.chunk.js,1,33579
UNKNOWN,/jdy-fi-rpt/{dbId}/v1/stock/report/printMulDetail,unknown_or_write,not_probed,,,https://static.kdzwy.com/saas/vip1/accounting/static_production_20260915152836/js/101.dd8b647f.chunk.js,1,33894
UNKNOWN,/jdy-fi-rpt/{dbId}/v1/stock/report/printSummary,unknown_or_write,not_probed,,,https://static.kdzwy.com/saas/vip1/accounting/static_production_20260915152836/js/89.cdeede98.chunk.js,1,28324
POST,/jdy-fi-rpt/{dbId}/v1/taoda/receive-parameter,unknown_or_write,not_probed,,e,https://static.kdzwy.com/saas/vip1/accounting/static_production_20260915152836/js/main.606e9379.chunk.js,1,399925
POST,/jdy-fi-rpt/{dbId}/v1/tax-report/calculate,unknown_or_write,not_probed,,E,https://static.kdzwy.com/saas/vip1/accounting/static_production_20260915152836/js/43.c48ed256.chunk.js,1,53130
UNKNOWN,/jdy-fi-rpt/{dbId}/v1/tax-report/export,unknown_or_write,not_probed,,,https://static.kdzwy.com/saas/vip1/accounting/static_production_20260915152836/js/43.c48ed256.chunk.js,1,75485
POST,/jdy-fi-rpt/{dbId}/v1/tax-report/formula,unknown_or_write,not_probed,,l,https://static.kdzwy.com/saas/vip1/accounting/static_production_20260915152836/js/43.c48ed256.chunk.js,1,50635
POST,/jdy-fi-rpt/{dbId}/v1/voucher/cos/credential,unknown_or_write,not_probed,,,https://static.kdzwy.com/saas/vip1/accounting/static_production_20260915152836/js/27.e640e1d4.chunk.js,1,36920
POST,/jdy-fi-rpt/{dbId}/v1/voucher/export,unknown_or_write,not_probed,,e,https://static.kdzwy.com/saas/vip1/accounting/static_production_20260915152836/js/27.e640e1d4.chunk.js,1,15842
UNKNOWN,/jdy-fi-rpt/{dbId}/v1/voucher/export2,unknown_or_write,not_probed,,,https://static.kdzwy.com/saas/vip1/accounting/static_production_20260915152836/js/27.e640e1d4.chunk.js,1,138340
POST,/jdy-fi-rpt/{dbId}/v1/voucher/getResult,unknown_or_write,not_probed,,e,https://static.kdzwy.com/saas/vip1/accounting/static_production_20260915152836/js/27.e640e1d4.chunk.js,1,15932
UNKNOWN,/jdy-fi-rpt/{dbId}/v1/voucher/print,unknown_or_write,not_probed,,,https://static.kdzwy.com/saas/vip1/accounting/static_production_20260915152836/js/27.e640e1d4.chunk.js,1,135306
UNKNOWN,/jdy-fi-rpt/{dbId}/v1/voucher/print-detail,unknown_or_write,not_probed,,,https://static.kdzwy.com/saas/vip1/accounting/static_production_20260915152836/js/main.606e9379.chunk.js,1,191309
UNKNOWN,/jdy-fi-rpt/{dbId}/v1/voucher/print-voucher-list,unknown_or_write,not_probed,,,https://static.kdzwy.com/saas/vip1/accounting/static_production_20260915152836/js/27.e640e1d4.chunk.js,1,112293
POST,/jdy-fi-rpt/{dbId}/v1/voucherTotal/export,unknown_or_write,not_probed,,e,https://static.kdzwy.com/saas/vip1/accounting/static_production_20260915152836/js/61.20412f05.chunk.js,1,23229
POST,/jdy-fi-rpt/{dbId}/v1/voucherTotal/getResult,unknown_or_write,not_probed,,e,https://static.kdzwy.com/saas/vip1/accounting/static_production_20260915152836/js/61.20412f05.chunk.js,1,23690
UNKNOWN,/jdy-fi-rpt/{dbId}/v1/voucherTotal/print,unknown_or_write,not_probed,,,https://static.kdzwy.com/saas/vip1/accounting/static_production_20260915152836/js/24.66cd9d93.chunk.js,1,40373
UNKNOWN,"/jdy-fi-rpt/{dbId}{1===e?""/v1/fa/card/export"":""/v1/fa/card/export-temp""}",unknown_or_write,not_probed,,,https://static.kdzwy.com/saas/vip1/accounting/static_production_20260915152836/js/49.fea3f807.chunk.js,1,50363
POST,/jdy-fi-tp/{dbId}/ai/v1/review-status/complete?yearPeriod={e},unknown_or_write,not_probed,yearPeriod,,https://vip4-kj.kdzwy.com/home/static/js/app.0833bc2f.js,1,1200965
POST,/jdy-fi-tp/{dbId}/ai/v1/review-status/complete?yearPeriod={t},unknown_or_write,not_probed,yearPeriod,,https://static.kdzwy.com/saas/vip1/accounting/static_production_20260915152836/js/main.606e9379.chunk.js,1,2472999
POST,/jdy-fi-tp/{dbId}/ca/v1/journal/split,unknown_or_write,not_probed,,e,https://vip4-kj.kdzwy.com/home/static/js/app.0833bc2f.js,1,1199389
DELETE,/jdy-fi-tp/{dbId}/ca/v1/journal/split/{e},unknown_or_write,not_probed,,,https://vip4-kj.kdzwy.com/home/static/js/app.0833bc2f.js,1,1199476
POST,/jdy-fi-tp/{dbId}/ca/v1/uk/{e.bankName}/apply,unknown_or_write,not_probed,,e,https://vip4-kj.kdzwy.com/home/static/js/app.0833bc2f.js,1,1198714
POST,/jdy-fi-tp/{dbId}/ca/v1/uk/{e.bankName}/fetch-bank-flow,unknown_or_write,not_probed,,e,https://vip4-kj.kdzwy.com/home/static/js/app.0833bc2f.js,1,1198490
POST,/jdy-fi-tp/{dbId}/ca/v1/uk/{e.bankName}/sign-url,unknown_or_write,not_probed,,e,https://vip4-kj.kdzwy.com/home/static/js/app.0833bc2f.js,1,1198274
POST,/jdy-fi-tp/{dbId}/follow/getTodoList,unknown_or_write,not_probed,,e,https://static.kdzwy.com/saas/vip1/accounting/static_production_20260915152836/js/main.606e9379.chunk.js,1,306018
POST,/jdy-fi-tp/{dbId}/gl/v1/period-end/check,unknown_or_write,not_probed,,e,https://static.kdzwy.com/saas/vip1/accounting/static_production_20260915152836/js/3.e78dde9a.chunk.js,1,4381
POST,/jdy-fi-tp/{dbId}/gl/v1/vch-arrange-type-sort,unknown_or_write,not_probed,,e,https://static.kdzwy.com/saas/vip1/accounting/static_production_20260915152836/js/27.e640e1d4.chunk.js,1,16689
POST,/jdy-fi/{dbId}/att/v1/blank-voucher-preview,unknown_or_write,not_probed,,e,https://static.kdzwy.com/saas/vip1/accounting/static_production_20260915152836/js/main.606e9379.chunk.js,1,1193380
POST,/jdy-fi/{dbId}/att/v1/directory,unknown_or_write,not_probed,,e,https://static.kdzwy.com/saas/vip1/accounting/static_production_20260915152836/js/main.606e9379.chunk.js,1,1191238
DELETE,/jdy-fi/{dbId}/att/v1/directory/{e.id},unknown_or_write,not_probed,,e,https://static.kdzwy.com/saas/vip1/accounting/static_production_20260915152836/js/main.606e9379.chunk.js,1,1191405
PUT,/jdy-fi/{dbId}/att/v1/directory/{e.id},unknown_or_write,not_probed,,e,https://static.kdzwy.com/saas/vip1/accounting/static_production_20260915152836/js/main.606e9379.chunk.js,1,1191315
DELETE,/jdy-fi/{dbId}/att/v1/file,unknown_or_write,not_probed,,e,https://static.kdzwy.com/saas/vip1/accounting/static_production_20260915152836/js/main.606e9379.chunk.js,1,1191873
PUT,/jdy-fi/{dbId}/att/v1/file,unknown_or_write,not_probed,,e,https://static.kdzwy.com/saas/vip1/accounting/static_production_20260915152836/js/main.606e9379.chunk.js,1,1191582
POST,/jdy-fi/{dbId}/att/v1/file/assign-vch-tpl,unknown_or_write,not_probed,,e,https://static.kdzwy.com/saas/vip1/accounting/static_production_20260915152836/js/main.606e9379.chunk.js,1,1194088
POST,/jdy-fi/{dbId}/att/v1/file/batchVerify,unknown_or_write,not_probed,,e,https://static.kdzwy.com/saas/vip1/accounting/static_production_20260915152836/js/main.606e9379.chunk.js,1,1193907
POST,/jdy-fi/{dbId}/att/v1/file/relation,unknown_or_write,not_probed,,e,https://static.kdzwy.com/saas/vip1/accounting/static_production_20260915152836/js/main.606e9379.chunk.js,1,1192652
POST,/jdy-fi/{dbId}/att/v1/structured-file,unknown_or_write,not_probed,,e,https://static.kdzwy.com/saas/vip1/accounting/static_production_20260915152836/js/main.606e9379.chunk.js,1,1193636
POST,/jdy-fi/{dbId}/att/v1/type,unknown_or_write,not_probed,,e,https://static.kdzwy.com/saas/vip1/accounting/static_production_20260915152836/js/main.606e9379.chunk.js,1,1190917
PUT,/jdy-fi/{dbId}/att/v1/type-forbid,unknown_or_write,not_probed,,e,https://static.kdzwy.com/saas/vip1/accounting/static_production_20260915152836/js/main.606e9379.chunk.js,1,1193150
DELETE,/jdy-fi/{dbId}/att/v1/type/{e.id},unknown_or_write,not_probed,,e,https://static.kdzwy.com/saas/vip1/accounting/static_production_20260915152836/js/main.606e9379.chunk.js,1,1191074
PUT,/jdy-fi/{dbId}/att/v1/type/{e.id},unknown_or_write,not_probed,,e,https://static.kdzwy.com/saas/vip1/accounting/static_production_20260915152836/js/main.606e9379.chunk.js,1,1190989
POST,/jdy-fi/{dbId}/att/v1/vat-voucher-preview,unknown_or_write,not_probed,,e,https://static.kdzwy.com/saas/vip1/accounting/static_production_20260915152836/js/main.606e9379.chunk.js,1,1192733
PUT,/jdy-fi/{dbId}/att/v1/vat-voucher-preview,unknown_or_write,not_probed,,e,https://static.kdzwy.com/saas/vip1/accounting/static_production_20260915152836/js/main.606e9379.chunk.js,1,1192820
DELETE,/jdy-fi/{dbId}/att/v1/vch-file-tpl,unknown_or_write,not_probed,,e,https://static.kdzwy.com/saas/vip1/accounting/static_production_20260915152836/js/main.606e9379.chunk.js,1,1192405
POST,/jdy-fi/{dbId}/att/v1/vch-file-tpl,unknown_or_write,not_probed,,e,https://static.kdzwy.com/saas/vip1/accounting/static_production_20260915152836/js/main.606e9379.chunk.js,1,1192246
PUT,/jdy-fi/{dbId}/att/v1/vch-file-tpl,unknown_or_write,not_probed,,e,https://static.kdzwy.com/saas/vip1/accounting/static_production_20260915152836/js/main.606e9379.chunk.js,1,1192326
POST,/jdy-fi/{dbId}/att/v1/voucher-preview,unknown_or_write,not_probed,,e,https://static.kdzwy.com/saas/vip1/accounting/static_production_20260915152836/js/main.606e9379.chunk.js,1,1192906
PUT,/jdy-fi/{dbId}/att/v1/voucher-preview,unknown_or_write,not_probed,,e,https://static.kdzwy.com/saas/vip1/accounting/static_production_20260915152836/js/main.606e9379.chunk.js,1,1192989
PUT,/jdy-fi/{dbId}/botp/v1/voucher-generation/timed-settings,unknown_or_write,not_probed,,t,https://static.kdzwy.com/saas/vip1/accounting/static_production_20260915152836/js/30.fd554321.chunk.js,1,38652
DELETE,/jdy-fi/{dbId}/botp/v1/voucher-rule,unknown_or_write,not_probed,,n,https://static.kdzwy.com/saas/vip1/accounting/static_production_20260915152836/js/48.ba6c71e4.chunk.js,1,32326
POST,/jdy-fi/{dbId}/botp/v1/voucher-rule,unknown_or_write,not_probed,,e,https://static.kdzwy.com/saas/vip1/accounting/static_production_20260915152836/js/48.ba6c71e4.chunk.js,1,7544
PUT,/jdy-fi/{dbId}/botp/v1/voucher-rule/{e.id},unknown_or_write,not_probed,,e,https://static.kdzwy.com/saas/vip1/accounting/static_production_20260915152836/js/48.ba6c71e4.chunk.js,1,7625
POST,/jdy-fi/{dbId}/bs/user/v1/employee-forbid,unknown_or_write,not_probed,,"Object(a.a)(Object(a.a)({},e),{},{isDelete:1})",https://static.kdzwy.com/saas/vip1/accounting/static_production_20260915152836/js/main.606e9379.chunk.js,1,946815
DELETE,/jdy-fi/{dbId}/bs/v1/account,unknown_or_write,not_probed,,t,https://static.kdzwy.com/saas/vip1/accounting/static_production_20260915152836/js/16.26fc42d7.chunk.js,1,1032
POST,/jdy-fi/{dbId}/bs/v1/account,unknown_or_write,not_probed,,e,https://static.kdzwy.com/saas/vip1/accounting/static_production_20260915152836/js/main.606e9379.chunk.js,1,415405
PUT,/jdy-fi/{dbId}/bs/v1/account/async/{e.id},unknown_or_write,not_probed,,e,https://static.kdzwy.com/saas/vip1/accounting/static_production_20260915152836/js/main.606e9379.chunk.js,1,416351
PUT,/jdy-fi/{dbId}/bs/v1/account/check-used,unknown_or_write,not_probed,,e,https://static.kdzwy.com/saas/vip1/accounting/static_production_20260915152836/js/main.606e9379.chunk.js,1,416180
PUT,/jdy-fi/{dbId}/bs/v1/account/{e.id},unknown_or_write,not_probed,,e,https://static.kdzwy.com/saas/vip1/accounting/static_production_20260915152836/js/main.606e9379.chunk.js,1,416264
PUT,/jdy-fi/{dbId}/bs/v1/account/{t.id},unknown_or_write,not_probed,,t,https://static.kdzwy.com/saas/vip1/accounting/static_production_20260915152836/js/16.26fc42d7.chunk.js,1,1278
POST,/jdy-fi/{dbId}/bs/v1/acct-profile,unknown_or_write,not_probed,,e,https://static.kdzwy.com/saas/vip1/accounting/static_production_20260915152836/js/main.606e9379.chunk.js,1,77833
POST,/jdy-fi/{dbId}/bs/v1/acct-profile/tax-burden,unknown_or_write,not_probed,,e,https://static.kdzwy.com/saas/vip1/accounting/static_production_20260915152836/js/main.606e9379.chunk.js,1,77913
POST,/jdy-fi/{dbId}/bs/v1/cash-flow,unknown_or_write,not_probed,,e,https://static.kdzwy.com/saas/vip1/accounting/static_production_20260915152836/js/96.acbebc8d.chunk.js,1,379
DELETE,/jdy-fi/{dbId}/bs/v1/currency,unknown_or_write,not_probed,,t,https://static.kdzwy.com/saas/vip1/accounting/static_production_20260915152836/js/97.01e0f30a.chunk.js,1,3102
POST,/jdy-fi/{dbId}/bs/v1/currency,unknown_or_write,not_probed,,e,https://static.kdzwy.com/saas/vip1/accounting/static_production_20260915152836/js/main.606e9379.chunk.js,1,81161
DELETE,/jdy-fi/{dbId}/bs/v1/deductions,unknown_or_write,not_probed,,e,https://static.kdzwy.com/saas/vip1/accounting/static_production_20260915152836/js/main.606e9379.chunk.js,1,947779
POST,/jdy-fi/{dbId}/bs/v1/deductions,unknown_or_write,not_probed,,e,https://static.kdzwy.com/saas/vip1/accounting/static_production_20260915152836/js/main.606e9379.chunk.js,1,947858
DELETE,/jdy-fi/{dbId}/bs/v1/dept,unknown_or_write,not_probed,,e,https://static.kdzwy.com/saas/vip1/accounting/static_production_20260915152836/js/main.606e9379.chunk.js,1,946190
POST,/jdy-fi/{dbId}/bs/v1/dept,unknown_or_write,not_probed,,e,https://static.kdzwy.com/saas/vip1/accounting/static_production_20260915152836/js/main.606e9379.chunk.js,1,946591
DELETE,/jdy-fi/{dbId}/bs/v1/employee,unknown_or_write,not_probed,,e,https://static.kdzwy.com/saas/vip1/accounting/static_production_20260915152836/js/main.606e9379.chunk.js,1,947079
POST,/jdy-fi/{dbId}/bs/v1/employee,unknown_or_write,not_probed,,e,https://static.kdzwy.com/saas/vip1/accounting/static_production_20260915152836/js/main.606e9379.chunk.js,1,947238
POST,/jdy-fi/{dbId}/bs/v1/employee-batchEmpToDept,unknown_or_write,not_probed,,e,https://static.kdzwy.com/saas/vip1/accounting/static_production_20260915152836/js/main.606e9379.chunk.js,1,947313
PUT,/jdy-fi/{dbId}/bs/v1/employee-name,unknown_or_write,not_probed,,e,https://static.kdzwy.com/saas/vip1/accounting/static_production_20260915152836/js/main.606e9379.chunk.js,1,264983
POST,/jdy-fi/{dbId}/bs/v1/forbidDepartment,unknown_or_write,not_probed,,"Object(a.a)(Object(a.a)({},e),{},{isDel:1})",https://static.kdzwy.com/saas/vip1/accounting/static_production_20260915152836/js/main.606e9379.chunk.js,1,946263
POST,/jdy-fi/{dbId}/bs/v1/guide-setting,unknown_or_write,not_probed,,"Object(i.a)(Object(i.a)({},e),{},{scope:""0""})",https://static.kdzwy.com/saas/vip1/accounting/static_production_20260915152836/js/main.606e9379.chunk.js,1,73460
DELETE,/jdy-fi/{dbId}/bs/v1/social,unknown_or_write,not_probed,,e,https://static.kdzwy.com/saas/vip1/accounting/static_production_20260915152836/js/main.606e9379.chunk.js,1,947475
POST,/jdy-fi/{dbId}/bs/v1/social,unknown_or_write,not_probed,,e,https://static.kdzwy.com/saas/vip1/accounting/static_production_20260915152836/js/main.606e9379.chunk.js,1,947550
POST,/jdy-fi/{dbId}/bs/v1/sp,unknown_or_write,not_probed,,e,https://static.kdzwy.com/saas/vip1/accounting/static_production_20260915152836/js/main.606e9379.chunk.js,1,75160
POST,/jdy-fi/{dbId}/bs/v1/sp/sysSettings,unknown_or_write,not_probed,,c,https://static.kdzwy.com/saas/vip1/accounting/static_production_20260915152836/js/119.988cb349.chunk.js,1,4083
POST,/jdy-fi/{dbId}/bs/v1/sp/tax,unknown_or_write,not_probed,,e,https://static.kdzwy.com/saas/vip1/accounting/static_production_20260915152836/js/main.606e9379.chunk.js,1,80303
POST,/jdy-fi/{dbId}/bs/v1/sp/upgradeReport/async,unknown_or_write,not_probed,,e,https://static.kdzwy.com/saas/vip1/accounting/static_production_20260915152836/js/main.606e9379.chunk.js,1,82692
POST,/jdy-fi/{dbId}/bs/v1/sp/upgradeReport/{e},unknown_or_write,not_probed,,,https://static.kdzwy.com/saas/vip1/accounting/static_production_20260915152836/js/main.606e9379.chunk.js,1,82599
POST,/jdy-fi/{dbId}/bs/v1/user-setting,unknown_or_write,not_probed,,e,https://static.kdzwy.com/saas/vip1/accounting/static_production_20260915152836/js/main.606e9379.chunk.js,1,74910
POST,/jdy-fi/{dbId}/bs/v1/user-setting-bigvalue,unknown_or_write,not_probed,,e,https://static.kdzwy.com/saas/vip1/accounting/static_production_20260915152836/js/main.606e9379.chunk.js,1,74989
POST,/jdy-fi/{dbId}/bs/v1/user-setting/user,unknown_or_write,not_probed,,e,https://static.kdzwy.com/saas/vip1/accounting/static_production_20260915152836/js/main.606e9379.chunk.js,1,81334
DELETE,/jdy-fi/{dbId}/bs/v1/vch-group,unknown_or_write,not_probed,,a,https://static.kdzwy.com/saas/vip1/accounting/static_production_20260915152836/js/78.bc509e5d.chunk.js,1,8483
POST,/jdy-fi/{dbId}/bs/v1/vch-group,unknown_or_write,not_probed,,e,https://static.kdzwy.com/saas/vip1/accounting/static_production_20260915152836/js/78.bc509e5d.chunk.js,1,802
POST,/jdy-fi/{dbId}/bs/v1/vch-group/move,unknown_or_write,not_probed,,t,https://static.kdzwy.com/saas/vip1/accounting/static_production_20260915152836/js/78.bc509e5d.chunk.js,1,8006
POST,/jdy-fi/{dbId}/bx/v1/bill/invoice-voucher,unknown_or_write,not_probed,,r,https://static.kdzwy.com/saas/vip1/accounting/static_production_20260915152836/js/30.fd554321.chunk.js,1,58429
PUT,/jdy-fi/{dbId}/bx/v1/voucher-generation/settings,unknown_or_write,not_probed,,a,https://static.kdzwy.com/saas/vip1/accounting/static_production_20260915152836/js/30.fd554321.chunk.js,1,27928
DELETE,/jdy-fi/{dbId}/ca/v1/bank-statement,unknown_or_write,not_probed,,e,https://vip4-kj.kdzwy.com/home/static/js/app.0833bc2f.js,1,1193187
POST,/jdy-fi/{dbId}/ca/v1/bank-statement,unknown_or_write,not_probed,,e,https://vip4-kj.kdzwy.com/home/static/js/app.0833bc2f.js,1,1193276
POST,/jdy-fi/{dbId}/ca/v1/bank-statement/manual-match,unknown_or_write,not_probed,,e,https://vip4-kj.kdzwy.com/home/static/js/app.0833bc2f.js,1,1192910
PUT,/jdy-fi/{dbId}/ca/v1/bank-statement/match-setting,unknown_or_write,not_probed,,e,https://vip4-kj.kdzwy.com/home/static/js/app.0833bc2f.js,1,1192813
PUT,/jdy-fi/{dbId}/ca/v1/bank-statement/{e.id},unknown_or_write,not_probed,,e,https://vip4-kj.kdzwy.com/home/static/js/app.0833bc2f.js,1,1193360
DELETE,/jdy-fi/{dbId}/ca/v1/business-rule,unknown_or_write,not_probed,,e,https://static.kdzwy.com/saas/vip1/accounting/static_production_20260915152836/js/main.606e9379.chunk.js,1,747400
DELETE,/jdy-fi/{dbId}/ca/v1/business-rule/{e.id},unknown_or_write,not_probed,,,https://vip4-kj.kdzwy.com/home/static/js/app.0833bc2f.js,1,1228046
POST,/jdy-fi/{dbId}/ca/v1/business-rule/{e.id},unknown_or_write,not_probed,,e,https://vip4-kj.kdzwy.com/home/static/js/app.0833bc2f.js,1,1227858
DELETE,/jdy-fi/{dbId}/ca/v1/cashier-account,unknown_or_write,not_probed,,e,https://vip4-kj.kdzwy.com/home/static/js/app.0833bc2f.js,1,1192010
POST,/jdy-fi/{dbId}/ca/v1/cashier-account,unknown_or_write,not_probed,,e,https://vip4-kj.kdzwy.com/home/static/js/app.0833bc2f.js,1,1191833
POST,/jdy-fi/{dbId}/ca/v1/cashier-account/forbid,unknown_or_write,not_probed,,e,https://vip4-kj.kdzwy.com/home/static/js/app.0833bc2f.js,1,1191918
POST,/jdy-fi/{dbId}/ca/v1/cashier-account/initBankAccount,unknown_or_write,not_probed,,,https://vip4-kj.kdzwy.com/home/static/js/app.0833bc2f.js,1,1199776
PUT,/jdy-fi/{dbId}/ca/v1/cashier-account/{e.id},unknown_or_write,not_probed,,e,https://vip4-kj.kdzwy.com/home/static/js/app.0833bc2f.js,1,1191735
POST,/jdy-fi/{dbId}/ca/v1/cashier-report/check-total,unknown_or_write,not_probed,,e,https://vip4-kj.kdzwy.com/home/static/js/app.0833bc2f.js,1,1190864
POST,/jdy-fi/{dbId}/ca/v1/cashier-report/check-total-diff,unknown_or_write,not_probed,,e,https://vip4-kj.kdzwy.com/home/static/js/app.0833bc2f.js,1,1190960
POST,/jdy-fi/{dbId}/ca/v1/cashier-report/income-expend-total,unknown_or_write,not_probed,,e,https://vip4-kj.kdzwy.com/home/static/js/app.0833bc2f.js,1,1191061
POST,/jdy-fi/{dbId}/ca/v1/cashier-unClose,unknown_or_write,not_probed,,e,https://vip4-kj.kdzwy.com/home/static/js/app.0833bc2f.js,1,1191328
PUT,/jdy-fi/{dbId}/ca/v1/exp-type,unknown_or_write,not_probed,,t,https://static.kdzwy.com/saas/vip1/accounting/static_production_20260915152836/js/53.ed1fd509.chunk.js,1,12493
DELETE,/jdy-fi/{dbId}/ca/v1/journal,unknown_or_write,not_probed,,e,https://vip4-kj.kdzwy.com/home/static/js/app.0833bc2f.js,1,1189869
POST,/jdy-fi/{dbId}/ca/v1/journal,unknown_or_write,not_probed,,e,https://vip4-kj.kdzwy.com/home/static/js/app.0833bc2f.js,1,1189524
POST,/jdy-fi/{dbId}/ca/v1/journal-list,unknown_or_write,not_probed,,e,https://vip4-kj.kdzwy.com/home/static/js/app.0833bc2f.js,1,1189349
POST,/jdy-fi/{dbId}/ca/v1/journal/acct,unknown_or_write,not_probed,,e,https://vip4-kj.kdzwy.com/home/static/js/app.0833bc2f.js,1,1189951
POST,/jdy-fi/{dbId}/ca/v1/journal/cal-opp-account-business-rule,unknown_or_write,not_probed,,e,https://vip4-kj.kdzwy.com/home/static/js/app.0833bc2f.js,1,1199182
POST,/jdy-fi/{dbId}/ca/v1/journal/check-alipay,unknown_or_write,not_probed,,e,https://vip4-kj.kdzwy.com/home/static/js/app.0833bc2f.js,1,1216847
DELETE,/jdy-fi/{dbId}/ca/v1/journal/delSignFile/{e.id},unknown_or_write,not_probed,,,https://vip4-kj.kdzwy.com/home/static/js/app.0833bc2f.js,1,1199577
POST,/jdy-fi/{dbId}/ca/v1/journal/migrate-account ,unknown_or_write,not_probed,,e,https://vip4-kj.kdzwy.com/home/static/js/app.0833bc2f.js,1,1229159
DELETE,/jdy-fi/{dbId}/ca/v1/journal/receipt/{e.id},unknown_or_write,not_probed,,,https://vip4-kj.kdzwy.com/home/static/js/app.0833bc2f.js,1,1195974
DELETE,/jdy-fi/{dbId}/ca/v1/journal/{e.id},unknown_or_write,not_probed,,e,https://vip4-kj.kdzwy.com/home/static/js/app.0833bc2f.js,1,1189773
PUT,/jdy-fi/{dbId}/ca/v1/journal/{e.id},unknown_or_write,not_probed,,e,https://vip4-kj.kdzwy.com/home/static/js/app.0833bc2f.js,1,1189601
PUT,/jdy-fi/{dbId}/ca/v1/pay-account,unknown_or_write,not_probed,,t,https://static.kdzwy.com/saas/vip1/accounting/static_production_20260915152836/js/53.ed1fd509.chunk.js,1,18730
DELETE,/jdy-fi/{dbId}/ca/v1/unacct-record,unknown_or_write,not_probed,,e,https://vip4-kj.kdzwy.com/home/static/js/app.0833bc2f.js,1,1193832
POST,/jdy-fi/{dbId}/ca/v1/unacct-record,unknown_or_write,not_probed,,e,https://vip4-kj.kdzwy.com/home/static/js/app.0833bc2f.js,1,1193651
PUT,/jdy-fi/{dbId}/ca/v1/unacct-record/{e.id},unknown_or_write,not_probed,,e,https://vip4-kj.kdzwy.com/home/static/js/app.0833bc2f.js,1,1193735
POST,/jdy-fi/{dbId}/ca/v1/yqy/bank-receipts,unknown_or_write,not_probed,,e,https://vip4-kj.kdzwy.com/home/static/js/app.0833bc2f.js,1,1196493
POST,/jdy-fi/{dbId}/ca/v1/yqy/setting,unknown_or_write,not_probed,,e,https://vip4-kj.kdzwy.com/home/static/js/app.0833bc2f.js,1,1194180
POST,/jdy-fi/{dbId}/ca/v1/yqy/sign,unknown_or_write,not_probed,,e,https://vip4-kj.kdzwy.com/home/static/js/app.0833bc2f.js,1,1194262
POST,/jdy-fi/{dbId}/ca/v1/yqy/signCheck,unknown_or_write,not_probed,,e,https://vip4-kj.kdzwy.com/home/static/js/app.0833bc2f.js,1,1196250
POST,/jdy-fi/{dbId}/ca/v1/yqy/unSign,unknown_or_write,not_probed,,e,https://vip4-kj.kdzwy.com/home/static/js/app.0833bc2f.js,1,1194341
DELETE,/jdy-fi/{dbId}/fa/v1/card,unknown_or_write,not_probed,,t,https://static.kdzwy.com/saas/vip1/accounting/static_production_20260915152836/js/12.79f7d856.chunk.js,1,11728
POST,/jdy-fi/{dbId}/fa/v1/card,unknown_or_write,not_probed,,t,https://static.kdzwy.com/saas/vip1/accounting/static_production_20260915152836/js/12.79f7d856.chunk.js,1,12411
PUT,/jdy-fi/{dbId}/fa/v1/card,unknown_or_write,not_probed,,t,https://static.kdzwy.com/saas/vip1/accounting/static_production_20260915152836/js/12.79f7d856.chunk.js,1,12634
POST,/jdy-fi/{dbId}/fa/v1/card/clear,unknown_or_write,not_probed,,t,https://static.kdzwy.com/saas/vip1/accounting/static_production_20260915152836/js/12.79f7d856.chunk.js,1,11801
POST,/jdy-fi/{dbId}/fa/v1/depreciation/vch-setting,unknown_or_write,not_probed,,t,https://static.kdzwy.com/saas/vip1/accounting/static_production_20260915152836/js/91.642022d1.chunk.js,1,9996
DELETE,/jdy-fi/{dbId}/fa/v1/type,unknown_or_write,not_probed,,e,https://static.kdzwy.com/saas/vip1/accounting/static_production_20260915152836/js/93.fc10b9b7.chunk.js,1,20688
POST,/jdy-fi/{dbId}/fa/v1/type,unknown_or_write,not_probed,,r,https://static.kdzwy.com/saas/vip1/accounting/static_production_20260915152836/js/93.fc10b9b7.chunk.js,1,9663
PUT,/jdy-fi/{dbId}/fa/v1/type,unknown_or_write,not_probed,,r,https://static.kdzwy.com/saas/vip1/accounting/static_production_20260915152836/js/93.fc10b9b7.chunk.js,1,10105
DELETE,/jdy-fi/{dbId}/fa/v1/type/{e},unknown_or_write,not_probed,,,https://vip4-kj.kdzwy.com/home/static/js/app.0833bc2f.js,1,1219666
DELETE,/jdy-fi/{dbId}/fa/v1/type/{t},unknown_or_write,not_probed,,,https://static.kdzwy.com/saas/vip1/accounting/static_production_20260915152836/js/93.fc10b9b7.chunk.js,1,18006
POST,/jdy-fi/{dbId}/gl/v1/carry-forward-tax-certified/gen-vch,unknown_or_write,not_probed,,e,https://static.kdzwy.com/saas/vip1/accounting/static_production_20260915152836/js/main.606e9379.chunk.js,1,545001
POST,/jdy-fi/{dbId}/gl/v1/current-account,unknown_or_write,not_probed,,e,https://static.kdzwy.com/saas/vip1/accounting/static_production_20260915152836/js/main.606e9379.chunk.js,1,543879
PUT,/jdy-fi/{dbId}/gl/v1/file/{e.fileId}/file-rename,unknown_or_write,not_probed,,e,https://static.kdzwy.com/saas/vip1/accounting/static_production_20260915152836/js/main.606e9379.chunk.js,1,539769
PUT,/jdy-fi/{dbId}/gl/v1/finance-analyse/sys-param,unknown_or_write,not_probed,,e,https://static.kdzwy.com/saas/vip1/accounting/static_production_20260915152836/js/29.262e5625.chunk.js,1,24534
DELETE,/jdy-fi/{dbId}/gl/v1/finance/balance,unknown_or_write,not_probed,,n,https://static.kdzwy.com/saas/vip1/accounting/static_production_20260915152836/js/22.31ba7e7e.chunk.js,1,184636
DELETE,/jdy-fi/{dbId}/gl/v1/finance/balance-item,unknown_or_write,not_probed,,e,https://static.kdzwy.com/saas/vip1/accounting/static_production_20260915152836/js/22.31ba7e7e.chunk.js,1,16364
DELETE,/jdy-fi/{dbId}/gl/v1/goods-rule/matched-bill-goods,unknown_or_write,not_probed,,e,https://static.kdzwy.com/saas/vip1/accounting/static_production_20260915152836/js/3.e78dde9a.chunk.js,1,6925
POST,/jdy-fi/{dbId}/gl/v1/goods-rule/matched-bill-goods,unknown_or_write,not_probed,,e,https://static.kdzwy.com/saas/vip1/accounting/static_production_20260915152836/js/3.e78dde9a.chunk.js,1,7120
PUT,/jdy-fi/{dbId}/gl/v1/goods-rule/matched-bill-goods,unknown_or_write,not_probed,,e,https://static.kdzwy.com/saas/vip1/accounting/static_production_20260915152836/js/3.e78dde9a.chunk.js,1,7024
POST,/jdy-fi/{dbId}/gl/v1/goods-rule/matching-bill-goods,unknown_or_write,not_probed,,e,https://static.kdzwy.com/saas/vip1/accounting/static_production_20260915152836/js/3.e78dde9a.chunk.js,1,6731
DELETE,/jdy-fi/{dbId}/gl/v1/item,unknown_or_write,not_probed,,e,https://static.kdzwy.com/saas/vip1/accounting/static_production_20260915152836/js/28.ddec54f9.chunk.js,1,3316
POST,/jdy-fi/{dbId}/gl/v1/item,unknown_or_write,not_probed,,e,https://static.kdzwy.com/saas/vip1/accounting/static_production_20260915152836/js/main.606e9379.chunk.js,1,416526
POST,/jdy-fi/{dbId}/gl/v1/item-check,unknown_or_write,not_probed,,e,https://vip4-kj.kdzwy.com/home/static/js/app.0833bc2f.js,1,1216592
PUT,/jdy-fi/{dbId}/gl/v1/item/{e.id},unknown_or_write,not_probed,,e,https://static.kdzwy.com/saas/vip1/accounting/static_production_20260915152836/js/main.606e9379.chunk.js,1,416675
PUT,/jdy-fi/{dbId}/gl/v1/item/{o.id},unknown_or_write,not_probed,,o,https://static.kdzwy.com/saas/vip1/accounting/static_production_20260915152836/js/28.ddec54f9.chunk.js,1,15915
POST,/jdy-fi/{dbId}/gl/v1/itemClass,unknown_or_write,not_probed,,e,https://static.kdzwy.com/saas/vip1/accounting/static_production_20260915152836/js/main.606e9379.chunk.js,1,79393
PUT,/jdy-fi/{dbId}/gl/v1/itemClass/{a.id},unknown_or_write,not_probed,,a,https://static.kdzwy.com/saas/vip1/accounting/static_production_20260915152836/js/28.ddec54f9.chunk.js,1,7342
PUT,/jdy-fi/{dbId}/gl/v1/period-end-checkitem,unknown_or_write,not_probed,,e,https://static.kdzwy.com/saas/vip1/accounting/static_production_20260915152836/js/3.e78dde9a.chunk.js,1,4008
POST,/jdy-fi/{dbId}/gl/v1/period-end-checkitem/value,unknown_or_write,not_probed,,e,https://static.kdzwy.com/saas/vip1/accounting/static_production_20260915152836/js/3.e78dde9a.chunk.js,1,4202
DELETE,/jdy-fi/{dbId}/gl/v1/period-end-evidbus,unknown_or_write,not_probed,,e,https://static.kdzwy.com/saas/vip1/accounting/static_production_20260915152836/js/3.e78dde9a.chunk.js,1,2532
POST,/jdy-fi/{dbId}/gl/v1/period-end-evidbus,unknown_or_write,not_probed,,e,https://static.kdzwy.com/saas/vip1/accounting/static_production_20260915152836/js/3.e78dde9a.chunk.js,1,3835
PUT,/jdy-fi/{dbId}/gl/v1/period-end-evidbus,unknown_or_write,not_probed,,e,https://static.kdzwy.com/saas/vip1/accounting/static_production_20260915152836/js/3.e78dde9a.chunk.js,1,3751
POST,/jdy-fi/{dbId}/gl/v1/period-end-evidbus/income-tax/gen-vch-detail,unknown_or_write,not_probed,,e,https://static.kdzwy.com/saas/vip1/accounting/static_production_20260915152836/js/3.e78dde9a.chunk.js,1,7867
POST,/jdy-fi/{dbId}/gl/v1/period-end-evidbus/income-tax/tax-free-account,unknown_or_write,not_probed,,e,https://static.kdzwy.com/saas/vip1/accounting/static_production_20260915152836/js/3.e78dde9a.chunk.js,1,7753
POST,/jdy-fi/{dbId}/gl/v1/period-end-evidbus/param-amount,unknown_or_write,not_probed,,e,https://static.kdzwy.com/saas/vip1/accounting/static_production_20260915152836/js/3.e78dde9a.chunk.js,1,3653
PUT,/jdy-fi/{dbId}/gl/v1/period-end/pro-material-req,unknown_or_write,not_probed,,e,https://static.kdzwy.com/saas/vip1/accounting/static_production_20260915152836/js/3.e78dde9a.chunk.js,1,5029
POST,/jdy-fi/{dbId}/gl/v1/period-end/pro-material-req/re-cal,unknown_or_write,not_probed,,,https://static.kdzwy.com/saas/vip1/accounting/static_production_20260915152836/js/3.e78dde9a.chunk.js,1,5121
PUT,/jdy-fi/{dbId}/gl/v1/period-end/sys-param,unknown_or_write,not_probed,,e,https://static.kdzwy.com/saas/vip1/accounting/static_production_20260915152836/js/3.e78dde9a.chunk.js,1,2363
PUT,/jdy-fi/{dbId}/gl/v1/period-end/trans-pl/pl-account-id,unknown_or_write,not_probed,,e,https://static.kdzwy.com/saas/vip1/accounting/static_production_20260915152836/js/3.e78dde9a.chunk.js,1,3368
POST,/jdy-fi/{dbId}/gl/v1/period-end/trans-product-cost,unknown_or_write,not_probed,,e,https://static.kdzwy.com/saas/vip1/accounting/static_production_20260915152836/js/3.e78dde9a.chunk.js,1,5919
DELETE,/jdy-fi/{dbId}/gl/v1/period-end/trans-product-cost/acct-info,unknown_or_write,not_probed,,e,https://static.kdzwy.com/saas/vip1/accounting/static_production_20260915152836/js/3.e78dde9a.chunk.js,1,7318
POST,/jdy-fi/{dbId}/gl/v1/period-end/trans-product-cost/acct-info,unknown_or_write,not_probed,,e,https://static.kdzwy.com/saas/vip1/accounting/static_production_20260915152836/js/3.e78dde9a.chunk.js,1,6328
PUT,/jdy-fi/{dbId}/gl/v1/period-end/trans-sale-cost,unknown_or_write,not_probed,,e,https://static.kdzwy.com/saas/vip1/accounting/static_production_20260915152836/js/3.e78dde9a.chunk.js,1,3077
POST,/jdy-fi/{dbId}/gl/v1/period-end/trans-sale-cost/re-cal,unknown_or_write,not_probed,,,https://static.kdzwy.com/saas/vip1/accounting/static_production_20260915152836/js/3.e78dde9a.chunk.js,1,4552
PUT,/jdy-fi/{dbId}/gl/v1/relateVch,unknown_or_write,not_probed,,e,https://static.kdzwy.com/saas/vip1/accounting/static_production_20260915152836/js/27.e640e1d4.chunk.js,1,16432
DELETE,/jdy-fi/{dbId}/gl/v1/voucher,unknown_or_write,not_probed,,e,https://static.kdzwy.com/saas/vip1/accounting/static_production_20260915152836/js/main.606e9379.chunk.js,1,540129
POST,/jdy-fi/{dbId}/gl/v1/voucher/arrange-vch,unknown_or_write,not_probed,,e,https://static.kdzwy.com/saas/vip1/accounting/static_production_20260915152836/js/27.e640e1d4.chunk.js,1,15663
POST,/jdy-fi/{dbId}/gl/v1/voucher/clear-recycle,unknown_or_write,not_probed,,,https://static.kdzwy.com/saas/vip1/accounting/static_production_20260915152836/js/67.cca679d4.chunk.js,1,23056
POST,/jdy-fi/{dbId}/gl/v1/voucher/invalidate-voucher,unknown_or_write,not_probed,,e,https://static.kdzwy.com/saas/vip1/accounting/static_production_20260915152836/js/main.606e9379.chunk.js,1,263593
POST,/jdy-fi/{dbId}/gl/v1/voucher/merge,unknown_or_write,not_probed,,e,https://static.kdzwy.com/saas/vip1/accounting/static_production_20260915152836/js/27.e640e1d4.chunk.js,1,16195
POST,/jdy-fi/{dbId}/gl/v1/voucher/reverse-voucher/{e.voucherId},unknown_or_write,not_probed,,,https://static.kdzwy.com/saas/vip1/accounting/static_production_20260915152836/js/main.606e9379.chunk.js,1,263846
POST,/jdy-fi/{dbId}/gl/v1/voucher/reverse-voucher/{e},unknown_or_write,not_probed,,,https://static.kdzwy.com/saas/vip1/accounting/static_production_20260915152836/js/27.e640e1d4.chunk.js,1,14977
POST,"/jdy-fi/{dbId}/gl/v1/voucher/{""1""===t?""audit-batch-voucher-checked"":""audit-batch-voucher-unChecked""}",unknown_or_write,not_probed,,n,https://static.kdzwy.com/saas/vip1/accounting/static_production_20260915152836/js/27.e640e1d4.chunk.js,1,15095
POST,/jdy-fi/{dbId}/gl/v1/voucherTpl,unknown_or_write,not_probed,,e,https://static.kdzwy.com/saas/vip1/accounting/static_production_20260915152836/js/main.606e9379.chunk.js,1,262673
PUT,/jdy-fi/{dbId}/gl/v1/voucherTpl,unknown_or_write,not_probed,,e,https://static.kdzwy.com/saas/vip1/accounting/static_production_20260915152836/js/main.606e9379.chunk.js,1,262750
DELETE,/jdy-fi/{dbId}/gl/v2/voucher,unknown_or_write,not_probed,,e,https://static.kdzwy.com/saas/vip1/accounting/static_production_20260915152836/js/main.606e9379.chunk.js,1,263686
DELETE,/jdy-fi/{dbId}/pay/v1/sheet,unknown_or_write,not_probed,,"{data:e,disableFrontErrorMsg:!0}",https://static.kdzwy.com/saas/vip1/accounting/static_production_20260915152836/js/main.606e9379.chunk.js,1,948086
POST,/jdy-fi/{dbId}/pay/v1/sheet,unknown_or_write,not_probed,,e,https://static.kdzwy.com/saas/vip1/accounting/static_production_20260915152836/js/main.606e9379.chunk.js,1,948013
DELETE,/jdy-fi/{dbId}/pay/v1/sheet-detail,unknown_or_write,not_probed,,e,https://static.kdzwy.com/saas/vip1/accounting/static_production_20260915152836/js/main.606e9379.chunk.js,1,948613
POST,/jdy-fi/{dbId}/pay/v1/sheet-detail,unknown_or_write,not_probed,,e,https://static.kdzwy.com/saas/vip1/accounting/static_production_20260915152836/js/main.606e9379.chunk.js,1,948453
POST,/jdy-fi/{dbId}/pay/v1/sheet-list,unknown_or_write,verified_business_success,,e,https://static.kdzwy.com/saas/vip1/accounting/static_production_20260915152836/js/main.606e9379.chunk.js,1,947935
POST,/jdy-fi/{dbId}/pay/v1/sheet/calculate,unknown_or_write,not_probed,,e,https://static.kdzwy.com/saas/vip1/accounting/static_production_20260915152836/js/main.606e9379.chunk.js,1,948695
POST,/jdy-fi/{dbId}/pay/v1/sheet/genVoucher,unknown_or_write,not_probed,,e,https://static.kdzwy.com/saas/vip1/accounting/static_production_20260915152836/js/main.606e9379.chunk.js,1,949970
POST,/jdy-fi/{dbId}/pay/v1/sheet/info,unknown_or_write,not_probed,,e,https://static.kdzwy.com/saas/vip1/accounting/static_production_20260915152836/js/main.606e9379.chunk.js,1,949383
POST,/jdy-fi/{dbId}/pay/v1/sheet/statMonthPay,unknown_or_write,verified_business_success,,e,https://static.kdzwy.com/saas/vip1/accounting/static_production_20260915152836/js/main.606e9379.chunk.js,1,951078
DELETE,/jdy-fi/{dbId}/pay/v1/voucherRule,unknown_or_write,not_probed,,e,https://static.kdzwy.com/saas/vip1/accounting/static_production_20260915152836/js/main.606e9379.chunk.js,1,748031
POST,/jdy-fi/{dbId}/pay/v1/voucherRule,unknown_or_write,not_probed,,e,https://static.kdzwy.com/saas/vip1/accounting/static_production_20260915152836/js/main.606e9379.chunk.js,1,950457
POST,/jdy-fi/{dbId}/pay/v1/voucherRule-list,unknown_or_write,not_probed,,e,https://static.kdzwy.com/saas/vip1/accounting/static_production_20260915152836/js/main.606e9379.chunk.js,1,747947
POST,/jdy-fi/{dbId}/pay/v1/voucherRule/clone,unknown_or_write,not_probed,,e,https://static.kdzwy.com/saas/vip1/accounting/static_production_20260915152836/js/main.606e9379.chunk.js,1,951165
POST,/jdy-fi/{dbId}/rpt/v1/cashflow/value,unknown_or_write,not_probed,,a,https://static.kdzwy.com/saas/vip1/accounting/static_production_20260915152836/js/40.de9e30e1.chunk.js,1,71787
POST,/jdy-fi/{dbId}/rpt/v1/defineReport-collect,unknown_or_write,not_probed,,e,https://static.kdzwy.com/saas/vip1/accounting/static_production_20260915152836/js/33.656a401f.chunk.js,1,819
DELETE,/jdy-fi/{dbId}/rpt/v1/defineReport-mould,unknown_or_write,not_probed,,e,https://static.kdzwy.com/saas/vip1/accounting/static_production_20260915152836/js/33.656a401f.chunk.js,1,907
PUT,/jdy-fi/{dbId}/rpt/v1/defineReport-mould,unknown_or_write,not_probed,,e,https://static.kdzwy.com/saas/vip1/accounting/static_production_20260915152836/js/46.e5c341f3.chunk.js,1,13388
POST,/jdy-fi/{dbId}/rpt/v1/defineReport/reportItem,unknown_or_write,not_probed,,e,https://static.kdzwy.com/saas/vip1/accounting/static_production_20260915152836/js/46.e5c341f3.chunk.js,1,13297
POST,/jdy-fi/{dbId}/rpt/v1/item/profit,unknown_or_write,not_probed,,a,https://static.kdzwy.com/saas/vip1/accounting/static_production_20260915152836/js/57.ae3efad8.chunk.js,1,11035
POST,/jdy-fi/{dbId}/rpt/v1/item/profit/isProfitAndLoss,unknown_or_write,not_probed,,e,https://static.kdzwy.com/saas/vip1/accounting/static_production_20260915152836/js/57.ae3efad8.chunk.js,1,9532
POST,/jdy-fi/{dbId}/rpt/v1/payable-tax/formula,unknown_or_write,not_probed,,i,https://static.kdzwy.com/saas/vip1/accounting/static_production_20260915152836/js/43.c48ed256.chunk.js,1,28521
POST,/jdy-fi/{dbId}/rpt/v1/pivot-table,unknown_or_write,not_probed,,e,https://static.kdzwy.com/saas/vip1/accounting/static_production_20260915152836/js/9.3a029b51.chunk.js,1,9273
PUT,/jdy-fi/{dbId}/rpt/v1/pivot-table,unknown_or_write,not_probed,,e,https://static.kdzwy.com/saas/vip1/accounting/static_production_20260915152836/js/9.3a029b51.chunk.js,1,9352
POST,/jdy-fi/{dbId}/rpt/v1/pivot-table/template/use,unknown_or_write,not_probed,,e,https://static.kdzwy.com/saas/vip1/accounting/static_production_20260915152836/js/9.3a029b51.chunk.js,1,9865
POST,/jdy-fi/{dbId}/rpt/v1/profit/formula,unknown_or_write,not_probed,,e,https://static.kdzwy.com/saas/vip1/accounting/static_production_20260915152836/js/31.9fd53a13.chunk.js,1,48406
POST,/jdy-fi/{dbId}/rpt/v1/profit/formula/calculate,unknown_or_write,not_probed,,l,https://static.kdzwy.com/saas/vip1/accounting/static_production_20260915152836/js/31.9fd53a13.chunk.js,1,54706
POST,/jdy-fi/{dbId}/rpt/v1/profit/formulaNGO,unknown_or_write,not_probed,,d,https://static.kdzwy.com/saas/vip1/accounting/static_production_20260915152836/js/31.9fd53a13.chunk.js,1,48157
PUT,/jdy-fi/{dbId}/scm/v1/bill/note,unknown_or_write,not_probed,,t,https://static.kdzwy.com/saas/vip1/accounting/static_production_20260915152836/js/30.fd554321.chunk.js,1,77105
PUT,/jdy-fi/{dbId}/scm/v1/default-account,unknown_or_write,not_probed,,e,https://static.kdzwy.com/saas/vip1/accounting/static_production_20260915152836/js/main.606e9379.chunk.js,1,22284
PUT,/jdy-fi/{dbId}/scm/v1/default-account/by-category/{e.accountSourceType},unknown_or_write,not_probed,,e,https://static.kdzwy.com/saas/vip1/accounting/static_production_20260915152836/js/main.606e9379.chunk.js,1,22703
PUT,/jdy-fi/{dbId}/scm/v1/default-account/by-detail/{e.accountSourceType},unknown_or_write,not_probed,,e,https://static.kdzwy.com/saas/vip1/accounting/static_production_20260915152836/js/main.606e9379.chunk.js,1,22826
PUT,/jdy-fi/{dbId}/scm/v1/voucher-generation/settings,unknown_or_write,not_probed,,a,https://static.kdzwy.com/saas/vip1/accounting/static_production_20260915152836/js/30.fd554321.chunk.js,1,31861
POST,/jdy-fi/{dbId}/spread/v1/benchmark,unknown_or_write,not_probed,,,https://static.kdzwy.com/saas/vip1/accounting/static_production_20260915152836/js/main.606e9379.chunk.js,1,304594
DELETE,/jdy-fi/{dbId}/spread/v1/del?module={e.module},unknown_or_write,not_probed,module,e,https://vip4-kj.kdzwy.com/home/static/js/app.0833bc2f.js,1,1225639
POST,/jdy-fi/{dbId}/spread/v1/scoreCalculation,unknown_or_write,not_probed,,e,https://vip4-kj.kdzwy.com/home/static/js/app.0833bc2f.js,1,1217917
POST,/jdy-fi/{dbId}/stock/v1/bill/change,unknown_or_write,not_probed,,"Object(o.a)({odo:!1},r)",https://static.kdzwy.com/saas/vip1/accounting/static_production_20260915152836/js/37.8faf31ca.chunk.js,1,72439
POST,/jdy-fi/{dbId}/stock/v1/bill/extract,unknown_or_write,not_probed,,"Object(o.a)({odo:!1},a)",https://static.kdzwy.com/saas/vip1/accounting/static_production_20260915152836/js/37.8faf31ca.chunk.js,1,38215
POST,/jdy-fi/{dbId}/stock/v1/bill/prefer,unknown_or_write,not_probed,,"Object(o.a)({odo:!1},r)",https://static.kdzwy.com/saas/vip1/accounting/static_production_20260915152836/js/37.8faf31ca.chunk.js,1,39533
POST,/jdy-fi/{dbId}/stock/v1/start,unknown_or_write,not_probed,,e,https://static.kdzwy.com/saas/vip1/accounting/static_production_20260915152836/js/60.fe39d594.chunk.js,1,8632
POST,/jdy-fi/{dbId}/stock/v1/stockGoods/matchedGoods,unknown_or_write,not_probed,,e,https://static.kdzwy.com/saas/vip1/accounting/static_production_20260915152836/js/main.606e9379.chunk.js,1,349160
POST,/jdy-fi/{dbId}/stock/v1/stockGoods/matchingGoods,unknown_or_write,not_probed,,e,https://static.kdzwy.com/saas/vip1/accounting/static_production_20260915152836/js/main.606e9379.chunk.js,1,349066
POST,/jdy-fi/{dbId}/sys/v1/backup,unknown_or_write,not_probed,,e,https://static.kdzwy.com/saas/vip1/accounting/static_production_20260915152836/js/main.606e9379.chunk.js,1,81647
POST,/jdy-fi/{dbId}/sys/v1/backup/auth/code,unknown_or_write,not_probed,,e,https://static.kdzwy.com/saas/vip1/accounting/static_production_20260915152836/js/main.606e9379.chunk.js,1,82514
POST,/jdy-fi/{dbId}/sys/v1/fiscal/switch,unknown_or_write,not_probed,,t,https://static.kdzwy.com/saas/vip1/accounting/static_production_20260915152836/js/117.5f89fbb8.chunk.js,1,1434
POST,/jdy-fi/{dbId}/sys/v1/fiscal/switch-latest,unknown_or_write,not_probed,,,https://static.kdzwy.com/saas/vip1/accounting/static_production_20260915152836/js/117.5f89fbb8.chunk.js,1,909
POST,/jdy-fi/{dbId}/sys/v1/init,unknown_or_write,not_probed,,,https://static.kdzwy.com/saas/vip1/accounting/static_production_20260915152836/js/main.606e9379.chunk.js,1,71548
POST,/jdy-fi/{dbId}/sys/v1/init/reinitialize,unknown_or_write,not_probed,,,https://static.kdzwy.com/saas/vip1/accounting/static_production_20260915152836/js/main.606e9379.chunk.js,1,77445
POST,/jdy-fi/{dbId}/user/v1/acct,unknown_or_write,not_probed,,e,https://static.kdzwy.com/saas/vip1/accounting/static_production_20260915152836/js/main.606e9379.chunk.js,1,561422
PUT,/jdy-fi/{dbId}/user/v1/acct,unknown_or_write,not_probed,,e,https://static.kdzwy.com/saas/vip1/accounting/static_production_20260915152836/js/main.606e9379.chunk.js,1,598991
POST,/jdy-fi/{dbId}/user/v1/acct-hide,unknown_or_write,not_probed,,e,https://static.kdzwy.com/saas/vip1/accounting/static_production_20260915152836/js/main.606e9379.chunk.js,1,598772
POST,/jdy-fi/{dbId}/user/v1/acct-init,unknown_or_write,not_probed,,e,https://static.kdzwy.com/saas/vip1/accounting/static_production_20260915152836/js/main.606e9379.chunk.js,1,561496
DELETE,/jdy-fi/{dbId}/user/v1/acct/role,unknown_or_write,not_probed,,n,https://static.kdzwy.com/saas/vip1/accounting/static_production_20260915152836/js/7.c15730a1.chunk.js,1,25922
POST,/jdy-fi/{dbId}/user/v1/acct/role,unknown_or_write,not_probed,,e,https://static.kdzwy.com/saas/vip1/accounting/static_production_20260915152836/js/7.c15730a1.chunk.js,1,23000
PUT,/jdy-fi/{dbId}/user/v1/acct/role,unknown_or_write,not_probed,,t,https://static.kdzwy.com/saas/vip1/accounting/static_production_20260915152836/js/7.c15730a1.chunk.js,1,23203
POST,/jdy-fi/{dbId}/user/v1/acct/role-unAuthToUserRe,unknown_or_write,not_probed,,t,https://static.kdzwy.com/saas/vip1/accounting/static_production_20260915152836/js/7.c15730a1.chunk.js,1,56993
POST,"/jdy-fi/{dbId}/user/v1/{ya?""acct/inviteUser"":""interiorInviteUser""}",unknown_or_write,not_probed,,"JSON.stringify({type:2,mobile:d,name:e,type:b})",https://vip4-kj.kdzwy.com/js/dist/authorityInside.js?ver=202609151511,1,29435
DELETE,/jdy-fi/{dbId}/vat/v1/invoice,unknown_or_write,not_probed,,e,https://static.kdzwy.com/saas/vip1/accounting/static_production_20260915152836/js/main.606e9379.chunk.js,1,538676
POST,/jdy-fi/{dbId}/vat/v1/invoice,unknown_or_write,not_probed,,e,https://static.kdzwy.com/saas/vip1/accounting/static_production_20260915152836/js/main.606e9379.chunk.js,1,538433
POST,/jdy-fi/{dbId}/vat/v1/invoice-auth,unknown_or_write,not_probed,,e,https://static.kdzwy.com/saas/vip1/accounting/static_production_20260915152836/js/main.606e9379.chunk.js,1,538753
POST,/jdy-fi/{dbId}/vat/v1/invoice-batch-remark,unknown_or_write,not_probed,,e,https://static.kdzwy.com/saas/vip1/accounting/static_production_20260915152836/js/main.606e9379.chunk.js,1,539345
POST,/jdy-fi/{dbId}/vat/v1/invoice-check,unknown_or_write,not_probed,,e,https://static.kdzwy.com/saas/vip1/accounting/static_production_20260915152836/js/main.606e9379.chunk.js,1,539514
POST,/jdy-fi/{dbId}/vat/v1/invoice-check-afresh,unknown_or_write,not_probed,,e,https://static.kdzwy.com/saas/vip1/accounting/static_production_20260915152836/js/main.606e9379.chunk.js,1,539681
POST,/jdy-fi/{dbId}/vat/v1/invoice-file,unknown_or_write,not_probed,,e,https://static.kdzwy.com/saas/vip1/accounting/static_production_20260915152836/js/main.606e9379.chunk.js,1,540049
POST,/jdy-fi/{dbId}/vat/v1/invoice-file-collect,unknown_or_write,not_probed,,e,https://static.kdzwy.com/saas/vip1/accounting/static_production_20260915152836/js/main.606e9379.chunk.js,1,544598
POST,/jdy-fi/{dbId}/vat/v1/invoice-list,unknown_or_write,verified_business_success,,e,https://static.kdzwy.com/saas/vip1/accounting/static_production_20260915152836/js/main.606e9379.chunk.js,1,538508
POST,/jdy-fi/{dbId}/vat/v1/invoice-out,unknown_or_write,not_probed,,e,https://static.kdzwy.com/saas/vip1/accounting/static_production_20260915152836/js/main.606e9379.chunk.js,1,538833
POST,/jdy-fi/{dbId}/vat/v1/invoice-remark,unknown_or_write,not_probed,,e,https://static.kdzwy.com/saas/vip1/accounting/static_production_20260915152836/js/main.606e9379.chunk.js,1,539967
POST,/jdy-fi/{dbId}/vat/v1/invoice-stampList,unknown_or_write,not_probed,,e,https://static.kdzwy.com/saas/vip1/accounting/static_production_20260915152836/js/main.606e9379.chunk.js,1,545193
POST,/jdy-fi/{dbId}/vat/v1/invoice-temp,unknown_or_write,not_probed,,e,https://static.kdzwy.com/saas/vip1/accounting/static_production_20260915152836/js/main.606e9379.chunk.js,1,538912
POST,/jdy-fi/{dbId}/vat/v1/invoice/collect,unknown_or_write,not_probed,,e,https://static.kdzwy.com/saas/vip1/accounting/static_production_20260915152836/js/main.606e9379.chunk.js,1,542106
POST,/jdy-fi/{dbId}/vat/v1/invoice/collect-override,unknown_or_write,not_probed,,e,https://static.kdzwy.com/saas/vip1/accounting/static_production_20260915152836/js/main.606e9379.chunk.js,1,542967
POST,/jdy-fi/{dbId}/vat/v1/invoice/electr-ent/collect,unknown_or_write,not_probed,,e,https://static.kdzwy.com/saas/vip1/accounting/static_production_20260915152836/js/main.606e9379.chunk.js,1,543313
POST,/jdy-fi/{dbId}/vat/v1/invoice/electr-url,unknown_or_write,not_probed,,e,https://static.kdzwy.com/saas/vip1/accounting/static_production_20260915152836/js/main.606e9379.chunk.js,1,539595
POST,/jdy-fi/{dbId}/vat/v1/invoice/goodsrule/acct,unknown_or_write,not_probed,,e,https://static.kdzwy.com/saas/vip1/accounting/static_production_20260915152836/js/main.606e9379.chunk.js,1,348319
POST,/jdy-fi/{dbId}/vat/v1/invoice/goodsrule/params,unknown_or_write,not_probed,,e,https://static.kdzwy.com/saas/vip1/accounting/static_production_20260915152836/js/main.606e9379.chunk.js,1,348133
POST,/jdy-fi/{dbId}/vat/v1/invoice/signInvoice,unknown_or_write,not_probed,,e,https://static.kdzwy.com/saas/vip1/accounting/static_production_20260915152836/js/main.606e9379.chunk.js,1,544049
PUT,/jdy-fi/{dbId}/vat/v1/invoice/stampList,unknown_or_write,not_probed,,e,https://static.kdzwy.com/saas/vip1/accounting/static_production_20260915152836/js/main.606e9379.chunk.js,1,545279
POST,/jdy-fi/{dbId}/vat/v1/invoice/vch-pre-check,unknown_or_write,not_probed,,e,https://static.kdzwy.com/saas/vip1/accounting/static_production_20260915152836/js/main.606e9379.chunk.js,1,544137
POST,/jdy-fi/{dbId}/vat/v1/invoice/vch-preview,unknown_or_write,not_probed,,e,https://static.kdzwy.com/saas/vip1/accounting/static_production_20260915152836/js/main.606e9379.chunk.js,1,539085
PUT,/jdy-fi/{dbId}/vat/v1/invoice/vch-preview,unknown_or_write,not_probed,,e,https://static.kdzwy.com/saas/vip1/accounting/static_production_20260915152836/js/main.606e9379.chunk.js,1,539172
POST,/jdy-fi/{dbId}/vat/v1/invoice/zyw/collect,unknown_or_write,not_probed,,t,https://static.kdzwy.com/saas/vip1/accounting/static_production_20260915152836/js/main.606e9379.chunk.js,1,2426142
POST,/jdy-fi/{dbId}/vat/v1/invoice/zyw/invoice-tax/upgrade,unknown_or_write,not_probed,,r,https://static.kdzwy.com/saas/vip1/accounting/static_production_20260915152836/js/66.232681e5.chunk.js,1,20454
PUT,/jdy-fi/{dbId}/vat/v1/invoice/{e.id},unknown_or_write,not_probed,,e,https://static.kdzwy.com/saas/vip1/accounting/static_production_20260915152836/js/main.606e9379.chunk.js,1,538588
POST,/jdy-fi/{dbId}/vat/v1/order,unknown_or_write,not_probed,,,https://static.kdzwy.com/saas/vip1/accounting/static_production_20260915152836/js/main.606e9379.chunk.js,1,541950
POST,/jdy-fi/{dbId}/vat/v1/order/electr-ent/auth,unknown_or_write,not_probed,,e,https://static.kdzwy.com/saas/vip1/accounting/static_production_20260915152836/js/main.606e9379.chunk.js,1,543223
POST,/jdy-fi/{dbId}/vat/v1/order/tax-reauth,unknown_or_write,not_probed,,l,https://static.kdzwy.com/saas/vip1/accounting/static_production_20260915152836/js/main.606e9379.chunk.js,1,2427576
PUT,/jdy-fi/{dbId}/vat/v1/order/zwy/invoice-upgrade,unknown_or_write,not_probed,,e,https://static.kdzwy.com/saas/vip1/accounting/static_production_20260915152836/js/main.606e9379.chunk.js,1,543130
POST,/jdy-fi/{dbId}/vat/v1/order/zwy/tax-auth-upgrade,unknown_or_write,not_probed,,e,https://static.kdzwy.com/saas/vip1/accounting/static_production_20260915152836/js/main.606e9379.chunk.js,1,83191
PUT,/jdy-fi/{dbId}/vat/v1/tax-burden,unknown_or_write,not_probed,,e,https://static.kdzwy.com/saas/vip1/accounting/static_production_20260915152836/js/main.606e9379.chunk.js,1,541626
PUT,/jdy-fi/{dbId}/vat/v1/tax-burden-target,unknown_or_write,not_probed,,e,https://static.kdzwy.com/saas/vip1/accounting/static_production_20260915152836/js/main.606e9379.chunk.js,1,541784
DELETE,/jdy-fi/{dbId}/vat/v1/voucher-temp,unknown_or_write,not_probed,,e,https://static.kdzwy.com/saas/vip1/accounting/static_production_20260915152836/js/main.606e9379.chunk.js,1,540543
POST,/jdy-fi/{dbId}/vat/v1/voucher-temp,unknown_or_write,not_probed,,e,https://static.kdzwy.com/saas/vip1/accounting/static_production_20260915152836/js/main.606e9379.chunk.js,1,540370
PUT,/jdy-fi/{dbId}/vat/v1/voucher-temp-def/{e.id},unknown_or_write,not_probed,,e,https://static.kdzwy.com/saas/vip1/accounting/static_production_20260915152836/js/main.606e9379.chunk.js,1,540625
POST,/jdy-fi/{dbId}/vat/v1/voucher-temp/clone,unknown_or_write,not_probed,,e,https://static.kdzwy.com/saas/vip1/accounting/static_production_20260915152836/js/main.606e9379.chunk.js,1,540912
PUT,/jdy-fi/{dbId}/vat/v1/voucher-temp/{e.id},unknown_or_write,not_probed,,e,https://static.kdzwy.com/saas/vip1/accounting/static_production_20260915152836/js/main.606e9379.chunk.js,1,540450
POST,/jdy-print/api/file/getCosTempSecret,unknown_or_write,not_probed,,,https://static.kdzwy.com/saas/vip1/accounting/static_production_20260915152836/js/73.521ffe7c.chunk.js,1,10238
POST,/jdy-print/api/printManager/getAllTemplate,unknown_or_write,not_probed,,,https://static.kdzwy.com/saas/vip1/accounting/static_production_20260915152836/js/73.521ffe7c.chunk.js,1,12911
POST,/jdy-print/api/printManager/getTemplateData,unknown_or_write,not_probed,,n,https://static.kdzwy.com/saas/vip1/accounting/static_production_20260915152836/js/73.521ffe7c.chunk.js,1,10452
POST,/jdy-print/api/printManager/getTemplatesByBusinessCode,unknown_or_write,not_probed,,e,https://static.kdzwy.com/saas/vip1/accounting/static_production_20260915152836/js/main.606e9379.chunk.js,1,79001
POST,/jdy-print/api/render2,unknown_or_write,not_probed,,n,https://static.kdzwy.com/saas/vip1/accounting/static_production_20260915152836/js/main.606e9379.chunk.js,1,408023
PUT,/jdy-spi/v1/notice/{e.groupCode}/{e.id}/{e.userId}/1,unknown_or_write,not_probed,,,https://vip4-kj.kdzwy.com/home/static/js/app.0833bc2f.js,1,1226624
UNKNOWN,/jdy-spi/v1/vip/tags/content,unknown_or_write,not_probed,,e,https://vip4-kj.kdzwy.com/home/static/js/app.0833bc2f.js,1,1217585
UNKNOWN,/jdy-spi/v1/vip/tags/recommend-content,unknown_or_write,not_probed,,e,https://vip4-kj.kdzwy.com/home/static/js/app.0833bc2f.js,1,1218158
UNKNOWN,/log/operate?m=list,unknown_or_write,not_probed,m,,https://vip4-kj.kdzwy.com/js/dist/operationLog.js?ver=202609151511,1,1458
UNKNOWN,/noteprint/noteprinttemp?m=findNotePrintTemp,unknown_or_write,not_probed,m,,https://vip4-kj.kdzwy.com/js/dist/printTemplates.js?ver=202609151511,1,1290
UNKNOWN,/openapi/rest?method=jdy.app.member.setAdmin,unknown_or_write,not_probed,method,"{cid:Ga.companyId,userids:c,userName:d,admin:1}",https://vip4-kj.kdzwy.com/js/dist/authorityInside.js?ver=202609151511,2,7064
UNKNOWN,/pay/VoucherRuleAction?m=list,unknown_or_write,not_probed,m,,https://vip4-kj.kdzwy.com/js/dist/pay/voucherRule.js,1,1496
UNKNOWN,/pay/department.do?m=list,unknown_or_write,not_probed,m,,https://vip4-kj.kdzwy.com/js/dist/pay/department.js,1,1977
UNKNOWN,/pay/employee.do?m=list,unknown_or_write,not_probed,m,,https://vip4-kj.kdzwy.com/js/dist/pay/employee.js,1,4551
POST,/pay/paySheet.do?m=delPaySheet,unknown_or_write,not_probed,m,e,https://static.kdzwy.com/saas/vip1/accounting/static_production_20260915152836/js/main.606e9379.chunk.js,1,948378
UNKNOWN,/pay/paySheet.do?m=statPayData,unknown_or_write,not_probed,m,,https://vip4-kj.kdzwy.com/js/dist/pay/salaryList.js,1,5202
UNKNOWN,/pdfview/web/viewer.jsp,unknown_or_write,not_probed,,,https://vip4-kj.kdzwy.com/home/static/js/app.0833bc2f.js,1,8873
UNKNOWN,/report/cash-flow-std-sheets,unknown_or_write,not_probed,,,https://vip4-kj.kdzwy.com/js/dist/cashFlowSheet.js?ver=202609151511,1,8964
UNKNOWN,/report/custom-report/report-center,unknown_or_write,not_probed,,,https://vip4-kj.kdzwy.com/js/dist/balanceSheet.js?ver=202609151511,1,11701
UNKNOWN,/report/report?m=getCashReportValue,unknown_or_write,not_probed,m,,https://vip4-kj.kdzwy.com/js/dist/cashFlowSheet.js?ver=202609151511,1,2406
UNKNOWN,/report/report?m=getItemProfitFilter&itemClassId={z.itemClassId},unknown_or_write,not_probed,"itemClassId,m",,https://vip4-kj.kdzwy.com/js/dist/itemProfitSheet.js?ver=202609151511,1,6738
UNKNOWN,/report/report?m=getItemProfitReport,unknown_or_write,not_probed,m,,https://vip4-kj.kdzwy.com/js/dist/itemProfitSheet.js?ver=202609151511,1,5574
UNKNOWN,/report/report?m=getProfiltValue&reporttype=profit&yearperiod={filterConditions.period}&type={filterConditions.type}&periodParm={filterConditions.periodParm},unknown_or_write,not_probed,"m,periodParm,reporttype,type,yearperiod",,https://vip4-kj.kdzwy.com/js/dist/profitSheet.js?ver=202609151511,1,649
UNKNOWN,/report/report?m=getReportValue&reporttype=balance&yearperiod={filterConditions.period},unknown_or_write,not_probed,"m,reporttype,yearperiod",,https://vip4-kj.kdzwy.com/js/dist/balanceSheet.js?ver=202609151511,1,1192
UNKNOWN,/reports/balance-sheets.jsp,unknown_or_write,not_probed,,,https://vip4-kj.kdzwy.com/js/dist/cashFlowSheet.js?ver=202609151511,1,5961
UNKNOWN,/reports/cash-flow-std-sheets.jsp,unknown_or_write,not_probed,,,https://vip4-kj.kdzwy.com/js/dist/cashFlowSheet.js?ver=202609151511,1,9084
POST,/scm/scmApi?m=calculateCost,unknown_or_write,not_probed,m,queryConditions,https://vip4-kj.kdzwy.com/js/dist/voucherScm.js?ver=202609151511,1,11000
UNKNOWN,/scm/scmApi?m=getBillList,unknown_or_write,not_probed,m,,https://vip4-kj.kdzwy.com/js/dist/voucherScm.js?ver=202609151511,1,4867
UNKNOWN,/scm/scmApi?m=getScmAssociation&type=basedata&id={id}&name={encodeURIComponent(name)},unknown_or_write,not_probed,"id,m,name,type",,https://vip4-kj.kdzwy.com/settings/scm-data.jsp#inline-script-3,13,27
UNKNOWN,/scm/scmApi?m=getServiceList,unknown_or_write,not_probed,m,,https://vip4-kj.kdzwy.com/js/dist/associatedSCM.js?ver=202609151511,1,1277
UNKNOWN,/settings/assisting-category.jsp?id={d}&name={encodeURIComponent(c)}&rd={(new Date).getTime()},unknown_or_write,not_probed,"id,name,rd",,https://vip4-kj.kdzwy.com/js/dist/settingAccounting.js?ver=202609151511,1,958
UNKNOWN,/settings/backup.jsp,unknown_or_write,not_probed,,,https://vip4-kj.kdzwy.com/js/dist/parameter.js?ver=202609151511,1,4978
UNKNOWN,/settings/cashflow-initial,unknown_or_write,not_probed,,,https://vip4-kj.kdzwy.com/js/dist/cashFlowStdSheet.js?ver=202609151511,1,4975
UNKNOWN,/settings/cashflow-initial.jsp,unknown_or_write,not_probed,,,https://vip4-kj.kdzwy.com/js/dist/cashFlowStdSheet.js?ver=202609151511,1,5096
UNKNOWN,/settings/error.jsp,unknown_or_write,not_probed,,,https://vip4-kj.kdzwy.com/js/common/common.js?ver=202609151511,1847,34
UNKNOWN,/settings/guanYiLog.jsp,unknown_or_write,not_probed,,,https://vip4-kj.kdzwy.com/js/dist/voucherScm.js?ver=202609151511,1,16680
UNKNOWN,/settings/intelligent-voucher-template?type=cashier,unknown_or_write,not_probed,type,,https://vip4-kj.kdzwy.com/home/static/js/chunk-26cc668c.aa7b01ec.js,1,161825
UNKNOWN,/settings/pay/department.jsp,unknown_or_write,not_probed,,,https://vip4-kj.kdzwy.com/js/dist/pay/employee.js,1,4397
UNKNOWN,/settings/scm-data.jsp,unknown_or_write,not_probed,,,https://vip4-kj.kdzwy.com/js/dist/voucherScm.js?ver=202609151511,1,7366
UNKNOWN,/settings/scm-parameter.jsp,unknown_or_write,not_probed,,,https://vip4-kj.kdzwy.com/js/dist/voucherScm.js?ver=202609151511,1,7215
UNKNOWN,/settings/system-parameter,unknown_or_write,not_probed,,,https://vip4-kj.kdzwy.com/js/dist/balanceSheet.js?ver=202609151511,1,13628
UNKNOWN,/settings/system-parameter.jsp,unknown_or_write,not_probed,,,https://vip4-kj.kdzwy.com/home/static/js/app.0833bc2f.js,1,300267
UNKNOWN,/settings/system-parameter.jsp?systemParameterGuided=true,unknown_or_write,not_probed,systemParameterGuided,,https://vip4-kj.kdzwy.com/js/dist/balanceSheet.js?ver=202609151511,1,13864
UNKNOWN,/settings/teller/BXSetting.jsp,unknown_or_write,not_probed,,,https://vip4-kj.kdzwy.com/js/dist/bindBXApp.js,1,1729
UNKNOWN,/settings/teller/bindBXApp.jsp,unknown_or_write,not_probed,,,https://vip4-kj.kdzwy.com/js/dist/BXSetting.js,1,3035
UNKNOWN,/settings/teller/reimbursements.jsp,unknown_or_write,not_probed,,,https://vip4-kj.kdzwy.com/js/dist/voucherScm.js?ver=202609151511,1,7634
POST,/smeai/ai/authenticate,unknown_or_write,not_probed,,e,https://static.kdzwy.com/saas/vip1/accounting/static_production_20260915152836/js/main.606e9379.chunk.js,1,305659
POST,/third/books,unknown_or_write,not_probed,,e,https://static.kdzwy.com/saas/vip1/accounting/static_production_20260915152836/js/main.606e9379.chunk.js,1,1432164
UNKNOWN,/voucher/originalVoucherNew.jsp,unknown_or_write,not_probed,,"{ids:b,idsAll:c}",https://vip4-kj.kdzwy.com/js/dist/originalVoucherListNew.js,1,10325
UNKNOWN,/voucher/originalVoucherNew.jsp?from=voucher&ids={id},unknown_or_write,not_probed,"from,ids","{
          ids: id
        }",https://vip4-kj.kdzwy.com/js/common/common.js?ver=202609151511,4211,29
UNKNOWN,/voucher/scmApi.jsp?dbid={queryConditions.dbid},unknown_or_write,not_probed,dbid,,https://vip4-kj.kdzwy.com/js/dist/voucherScm.js?ver=202609151511,1,9576
UNKNOWN,/voucher/total/query,unknown_or_write,not_probed,,,https://vip4-kj.kdzwy.com/js/dist/voucherSummary.js?ver=202609151511,1,2351
UNKNOWN,/voucher/voucher-scm.jsp,unknown_or_write,not_probed,,,https://vip4-kj.kdzwy.com/js/dist/reimbursements.js,1,2266
UNKNOWN,/voucher/voucher-tidy.jsp,unknown_or_write,not_probed,,,https://vip4-kj.kdzwy.com/js/dist/voucherList.js?ver=202609151511,1,19302
UNKNOWN,/voucher/voucher.jsp,unknown_or_write,not_probed,,{voucherData:o},https://vip4-kj.kdzwy.com/home/static/js/chunk-02224858.4517b705.js,1,25696
UNKNOWN,/voucher/voucher.jsp?dbid={queryConditions.dbid}&id={c},unknown_or_write,not_probed,"dbid,id",{callback:function(){try{b.reloadData(queryConditions)}catch(a){console.log(a)}}},https://vip4-kj.kdzwy.com/js/dist/voucherScm.js?ver=202609151511,1,9280
UNKNOWN,/voucher/voucher.jsp?id={c},unknown_or_write,not_probed,id,{callback:function(){try{b.reloadData(queryConditions)}catch(a){console.log(a)}}},https://vip4-kj.kdzwy.com/js/dist/voucherScm.js?ver=202609151511,1,9101
UNKNOWN,/voucher/voucher.jsp?nd={(new Date).getTime()},unknown_or_write,not_probed,nd,"{voucherData:g,callback:function(){try{THISPAGE.reloadData()}catch(a){console.log(a)}}}",https://vip4-kj.kdzwy.com/js/dist/reimbursements.js,1,5219
PUT,"https://dw.jdy.com/push/v1/msg/{p.a.get(""group"")}/{j()}/{O()}/1",unknown_or_write,not_probed,,t,https://static.kdzwy.com/saas/vip1/accounting/static_production_20260915152836/js/main.606e9379.chunk.js,1,75827
UNKNOWN,https://knowledge.kingdee.com/product/15/search,unknown_or_write,not_probed,,e,https://vip4-kj.kdzwy.com/home/static/js/app.0833bc2f.js,1,1226846
POST,https://open.jdy.com/api/banner/common-problem,unknown_or_write,not_probed,,e,https://vip4-kj.kdzwy.com/home/static/js/app.0833bc2f.js,1,1225748
POST,https://open.jdy.com/api/banner/jdy-ykj,unknown_or_write,not_probed,,e||{},https://vip4-kj.kdzwy.com/home/static/js/app.0833bc2f.js,1,1218787
POST,https://oth.str.beacon.qq.com/trpc.beacon.configserver.BeaconConfigService/QueryConfig,unknown_or_write,not_probed,,"{platformId:""undefined""==typeof wx?""3"":""4"",mainAppKey:this.appkey,appVersion:e,sdkVersion:t.sdkVersion,osVersion:t.userAgent,model:"""",packageName:"""",params:{A3:t.deviceId}}",https://static.kdzwy.com/saas/vip1/accounting/static_production_20260915152836/js/20.8bbfb77f.chunk.js,1,4229296
POST,https://ptapi.jdy.com/wps/prePayNew?appType={appType}&userId={SYSTEM.userId}&type={buyType}&serviceId={serviceId},unknown_or_write,not_probed,"appType,serviceId,type,userId",,https://vip4-kj.kdzwy.com/js/common/common.js?ver=202609151511,5596,12
POST,https://ptapi.jdy.com/wps/prePayNew?appType={b}&userId={o.UserId}&type={h}&serviceId={v},unknown_or_write,not_probed,"appType,serviceId,type,userId",,https://static.kdzwy.com/saas/vip1/accounting/static_production_20260915152836/js/main.606e9379.chunk.js,1,311508
POST,https://ptapi.jdy.com/wps/prePayNew?appType={u}&userId={n.UserId}&type={d}&serviceId={s},unknown_or_write,not_probed,"appType,serviceId,type,userId",,https://vip4-kj.kdzwy.com/home/static/js/app.0833bc2f.js,1,481419
POST,https://service.jdy.com/commonservice/ajaxChecking.do,unknown_or_write,not_probed,,e,https://static.kdzwy.com/saas/vip1/accounting/static_production_20260915152836/js/main.606e9379.chunk.js,1,305559
POST,https://service.jdy.com/commonservice/ajaxChecking.do?action=geetestChallenge,unknown_or_write,not_probed,action,,https://static.kdzwy.com/saas/vip1/accounting/static_production_20260915152836/js/7.c15730a1.chunk.js,1,48374
UNKNOWN,https://service.jdy.com/mvc/invite/listbyMobileOrName,unknown_or_write,not_probed,,t,https://static.kdzwy.com/saas/vip1/accounting/static_production_20260915152836/js/7.c15730a1.chunk.js,1,50885
POST,https://service.jdy.com/mvc/user/isShowAdvertisement,unknown_or_write,not_probed,,{},https://static.kdzwy.com/saas/vip1/accounting/static_production_20260915152836/js/main.606e9379.chunk.js,1,2100611
POST,https://sso.youshang.com/sso/checkIfLoginAction.do?aim=getRealName&format=json&jsoncallback=?,unknown_or_write,not_probed,"aim,format,jsoncallback",,https://static.kdzwy.com/saas/vip1/accounting/static_production_20260915152836/js/main.606e9379.chunk.js,1,307518
POST,https://track-api.kingdee.com/receive/action,unknown_or_write,not_probed,,JSON.stringify(r),https://static.kdzwy.com/saas/vip1/accounting/static_production_20260915152836/js/main.606e9379.chunk.js,1,420237
UNKNOWN,https://www.gov.cn/zhengce/zhengceku/202504/content_7021440.htm,unknown_or_write,not_probed,,,https://static.kdzwy.com/saas/vip1/accounting/static_production_20260915152836/js/1.d75b38a6.chunk.js,1,1191
